date,stock_id,market,close,margin_balance
2026-08-07,0050,twse,102.85,24879.0
2026-08-07,0051,twse,139.7,2.0
2026-08-07,0052,twse,60.2,12510.0
2026-08-07,0053,twse,231.75,18.0
2026-08-07,0055,twse,43.9,115.0
2026-08-07,0056,twse,51.05,8177.0
2026-08-07,0057,twse,306.15,0.0
2026-08-07,0061,twse,25.15,13.0
2026-08-07,1101,twse,24.35,31934.0
2026-08-07,1102,twse,32.85,1491.0
2026-08-07,1103,twse,13.15,4200.0
2026-08-07,1104,twse,26.6,1700.0
2026-08-07,1108,twse,12.1,416.0
2026-08-07,1109,twse,13.5,268.0
2026-08-07,1110,twse,15.9,2581.0
2026-08-07,1201,twse,12.1,1406.0
2026-08-07,1203,twse,47.65,24.0
2026-08-07,1210,twse,52.7,735.0
2026-08-07,1213,twse,7.72,0.0
2026-08-07,1215,twse,108.0,418.0
2026-08-07,1216,twse,75.7,914.0
2026-08-07,1217,twse,9.76,1617.0
2026-08-07,1218,twse,15.5,1549.0
2026-08-07,1219,twse,10.75,231.0
2026-08-07,1220,twse,11.15,861.0
2026-08-07,1225,twse,24.2,6783.0
2026-08-07,1227,twse,29.15,1005.0
2026-08-07,1229,twse,40.65,2967.0
2026-08-07,1231,twse,80.6,266.0
2026-08-07,1232,twse,156.5,194.0
2026-08-07,1233,twse,28.8,22.0
2026-08-07,1234,twse,33.45,10.0
2026-08-07,1235,twse,36.7,1157.0
2026-08-07,1236,twse,25.5,172.0
2026-08-07,1240,tpex,54.8,19.0
2026-08-07,1256,twse,178.5,310.0
2026-08-07,1259,tpex,60.0,43.0
2026-08-07,1264,tpex,256.0,2.0
2026-08-07,1268,tpex,183.5,18.0
2026-08-07,1294,tpex,56.6,165.0
2026-08-07,1295,tpex,46.25,154.0
2026-08-07,1301,twse,55.8,21692.0
2026-08-07,1303,twse,188.0,62602.0
2026-08-07,1304,twse,11.8,10450.0
2026-08-07,1305,twse,11.55,6289.0
2026-08-07,1307,twse,32.5,1303.0
2026-08-07,1308,twse,13.4,6037.0
2026-08-07,1309,twse,12.8,7355.0
2026-08-07,1310,twse,7.97,11881.0
2026-08-07,1312,twse,11.95,37392.0
2026-08-07,1313,twse,11.5,11258.0
2026-08-07,1314,twse,7.8,73965.0
2026-08-07,1315,twse,63.9,14.0
2026-08-07,1316,twse,10.05,9473.0
2026-08-07,1319,twse,76.7,7101.0
2026-08-07,1321,twse,31.9,7209.0
2026-08-07,1323,twse,19.95,76.0
2026-08-07,1324,twse,10.05,1262.0
2026-08-07,1325,twse,27.4,2283.0
2026-08-07,1326,twse,58.9,33259.0
2026-08-07,1336,tpex,14.55,2758.0
2026-08-07,1337,twse,4.68,21405.0
2026-08-07,1338,twse,15.25,3857.0
2026-08-07,1339,twse,45.0,887.0
2026-08-07,1340,twse,5.07,1083.0
2026-08-07,1341,twse,58.6,0.0
2026-08-07,1342,twse,104.0,557.0
2026-08-07,1402,twse,27.5,6680.0
2026-08-07,1409,twse,22.5,22413.0
2026-08-07,1410,twse,26.35,244.0
2026-08-07,1413,twse,9.39,0.0
2026-08-07,1414,twse,19.55,1428.0
2026-08-07,1416,twse,11.0,3291.0
2026-08-07,1417,twse,8.28,2001.0
2026-08-07,1418,twse,18.05,778.0
2026-08-07,1419,twse,64.0,1275.0
2026-08-07,1423,twse,35.55,86.0
2026-08-07,1432,twse,15.1,128.0
2026-08-07,1434,twse,17.25,7022.0
2026-08-07,1435,twse,23.3,0.0
2026-08-07,1436,twse,36.35,1002.0
2026-08-07,1437,twse,29.7,3102.0
2026-08-07,1438,twse,22.35,142.0
2026-08-07,1439,twse,27.4,1032.0
2026-08-07,1440,twse,12.65,5659.0
2026-08-07,1441,twse,9.0,0.0
2026-08-07,1442,twse,30.1,2694.0
2026-08-07,1443,twse,25.6,8.0
2026-08-07,1444,twse,7.26,558.0
2026-08-07,1445,twse,10.6,1365.0
2026-08-07,1446,twse,13.85,1408.0
2026-08-07,1447,twse,7.04,761.0
2026-08-07,1449,twse,12.55,3050.0
2026-08-07,1451,twse,17.75,575.0
2026-08-07,1452,twse,11.4,108.0
2026-08-07,1453,twse,11.1,967.0
2026-08-07,1454,twse,12.8,2169.0
2026-08-07,1455,twse,9.0,3128.0
2026-08-07,1456,twse,14.2,775.0
2026-08-07,1457,twse,14.05,661.0
2026-08-07,1459,twse,12.9,419.0
2026-08-07,1460,twse,6.64,0.0
2026-08-07,1463,twse,17.8,492.0
2026-08-07,1464,twse,10.35,1895.0
2026-08-07,1465,twse,12.35,3218.0
2026-08-07,1466,twse,16.25,3230.0
2026-08-07,1467,twse,9.85,6971.0
2026-08-07,1468,twse,13.55,0.0
2026-08-07,1470,twse,22.7,5.0
2026-08-07,1471,twse,9.54,0.0
2026-08-07,1472,twse,88.8,3882.0
2026-08-07,1473,twse,19.85,766.0
2026-08-07,1474,twse,10.05,3331.0
2026-08-07,1475,twse,27.3,464.0
2026-08-07,1476,twse,347.0,807.0
2026-08-07,1477,twse,224.0,1290.0
2026-08-07,1503,twse,193.5,2792.0
2026-08-07,1504,twse,66.0,27956.0
2026-08-07,1506,twse,10.25,0.0
2026-08-07,1512,twse,6.61,0.0
2026-08-07,1513,twse,157.5,7479.0
2026-08-07,1514,twse,99.8,6055.0
2026-08-07,1515,twse,30.4,2032.0
2026-08-07,1516,twse,14.5,2.0
2026-08-07,1517,twse,11.55,2255.0
2026-08-07,1519,twse,653.0,2941.0
2026-08-07,1521,twse,25.2,447.0
2026-08-07,1522,twse,28.0,3667.0
2026-08-07,1524,twse,27.25,3819.0
2026-08-07,1525,twse,68.7,228.0
2026-08-07,1526,twse,18.25,858.0
2026-08-07,1527,twse,32.6,531.0
2026-08-07,1528,twse,18.55,5685.0
2026-08-07,1529,twse,17.15,2742.0
2026-08-07,1530,twse,28.0,266.0
2026-08-07,1531,twse,12.95,1710.0
2026-08-07,1532,twse,21.8,2925.0
2026-08-07,1533,twse,33.45,523.0
2026-08-07,1535,twse,45.95,55.0
2026-08-07,1536,twse,51.4,7532.0
2026-08-07,1537,twse,127.0,55.0
2026-08-07,1538,twse,0.0,0.0
2026-08-07,1539,twse,16.0,1250.0
2026-08-07,1540,twse,20.0,1485.0
2026-08-07,1541,twse,21.8,104.0
2026-08-07,1558,twse,92.4,256.0
2026-08-07,1560,twse,662.0,1710.0
2026-08-07,1563,twse,58.8,6507.0
2026-08-07,1565,tpex,93.3,1141.0
2026-08-07,1568,twse,27.9,2196.0
2026-08-07,1569,tpex,42.35,10934.0
2026-08-07,1570,tpex,33.95,1783.0
2026-08-07,1580,tpex,112.5,16.0
2026-08-07,1582,twse,70.3,3586.0
2026-08-07,1583,twse,49.0,65.0
2026-08-07,1584,tpex,18.05,5748.0
2026-08-07,1586,tpex,18.2,15718.0
2026-08-07,1587,twse,24.35,1654.0
2026-08-07,1589,twse,0.0,655.0
2026-08-07,1590,twse,1545.0,191.0
2026-08-07,1591,tpex,35.6,1248.0
2026-08-07,1593,tpex,31.7,126.0
2026-08-07,1595,tpex,60.4,4389.0
2026-08-07,1597,twse,141.0,2950.0
2026-08-07,1598,twse,20.3,2003.0
2026-08-07,1599,tpex,23.8,272.0
2026-08-07,1603,twse,28.7,1815.0
2026-08-07,1604,twse,23.2,200.0
2026-08-07,1605,twse,34.55,49469.0
2026-08-07,1608,twse,34.95,7786.0
2026-08-07,1609,twse,37.05,12309.0
2026-08-07,1611,twse,11.85,3215.0
2026-08-07,1612,twse,31.65,2132.0
2026-08-07,1614,twse,30.95,324.0
2026-08-07,1615,twse,42.2,163.0
2026-08-07,1616,twse,19.65,2765.0
2026-08-07,1617,twse,18.2,1750.0
2026-08-07,1618,twse,38.45,3376.0
2026-08-07,1623,twse,208.5,26.0
2026-08-07,1626,twse,9.59,1622.0
2026-08-07,1702,twse,33.5,295.0
2026-08-07,1707,twse,89.2,329.0
2026-08-07,1708,twse,48.75,6286.0
2026-08-07,1709,twse,27.8,18934.0
2026-08-07,1710,twse,14.15,12321.0
2026-08-07,1711,twse,34.6,13495.0
2026-08-07,1712,twse,38.95,451.0
2026-08-07,1713,twse,43.55,3081.0
2026-08-07,1714,twse,15.75,14017.0
2026-08-07,1717,twse,66.2,16548.0
2026-08-07,1718,twse,9.91,20579.0
2026-08-07,1720,twse,57.0,311.0
2026-08-07,1721,twse,19.6,126.0
2026-08-07,1722,twse,45.5,2924.0
2026-08-07,1723,twse,84.8,599.0
2026-08-07,1725,twse,30.0,275.0
2026-08-07,1726,twse,77.3,25.0
2026-08-07,1727,twse,72.2,5999.0
2026-08-07,1730,twse,51.4,8.0
2026-08-07,1731,twse,21.1,308.0
2026-08-07,1732,twse,27.2,954.0
2026-08-07,1733,twse,32.0,2473.0
2026-08-07,1734,twse,31.8,298.0
2026-08-07,1735,twse,20.5,664.0
2026-08-07,1736,twse,137.0,1941.0
2026-08-07,1737,twse,31.9,21.0
2026-08-07,1742,tpex,17.8,3760.0
2026-08-07,1752,twse,32.0,329.0
2026-08-07,1760,twse,59.1,1015.0
2026-08-07,1762,twse,35.75,789.0
2026-08-07,1773,twse,155.0,1097.0
2026-08-07,1776,twse,17.0,772.0
2026-08-07,1777,tpex,74.8,52.0
2026-08-07,1780,tpex,22.75,0.0
2026-08-07,1781,tpex,11.35,0.0
2026-08-07,1783,twse,40.4,593.0
2026-08-07,1784,tpex,60.2,1276.0
2026-08-07,1785,tpex,114.5,28287.0
2026-08-07,1786,twse,49.8,4961.0
2026-08-07,1788,tpex,130.5,2.0
2026-08-07,1789,twse,18.9,3343.0
2026-08-07,1795,twse,188.0,8748.0
2026-08-07,1796,tpex,30.75,337.0
2026-08-07,1799,tpex,31.65,389.0
2026-08-07,1802,twse,53.1,35267.0
2026-08-07,1805,twse,9.98,1481.0
2026-08-07,1806,twse,7.98,2916.0
2026-08-07,1808,twse,33.05,5840.0
2026-08-07,1809,twse,37.3,5252.0
2026-08-07,1810,twse,24.6,20545.0
2026-08-07,1813,tpex,11.5,16.0
2026-08-07,1815,tpex,85.9,45434.0
2026-08-07,1817,twse,38.3,16.0
2026-08-07,1903,twse,47.4,2471.0
2026-08-07,1904,twse,22.8,4358.0
2026-08-07,1905,twse,13.25,12657.0
2026-08-07,1906,twse,10.95,7267.0
2026-08-07,1907,twse,30.85,24047.0
2026-08-07,1909,twse,10.0,9617.0
2026-08-07,2002,twse,19.05,39173.0
2026-08-07,2006,twse,88.5,1130.0
2026-08-07,2007,twse,7.05,5.0
2026-08-07,2008,twse,30.7,92.0
2026-08-07,2009,twse,39.9,6509.0
2026-08-07,2010,twse,22.95,2321.0
2026-08-07,2012,twse,15.05,191.0
2026-08-07,2013,twse,41.3,1414.0
2026-08-07,2014,twse,17.65,1102.0
2026-08-07,2015,twse,65.8,44.0
2026-08-07,2017,twse,8.9,8156.0
2026-08-07,2020,twse,21.55,684.0
2026-08-07,2022,twse,7.7,2101.0
2026-08-07,2023,twse,13.8,2699.0
2026-08-07,2024,twse,13.6,64.0
2026-08-07,2025,twse,12.15,0.0
2026-08-07,2027,twse,46.6,26331.0
2026-08-07,2028,twse,15.4,1211.0
2026-08-07,2029,twse,20.7,453.0
2026-08-07,2030,twse,18.6,4282.0
2026-08-07,2031,twse,45.0,1460.0
2026-08-07,2032,twse,16.95,2809.0
2026-08-07,2033,twse,17.0,2793.0
2026-08-07,2034,twse,20.1,3549.0
2026-08-07,2035,tpex,0.0,0.0
2026-08-07,2038,twse,12.8,3661.0
2026-08-07,2049,twse,387.0,4023.0
2026-08-07,2059,twse,11110.0,608.0
2026-08-07,2061,tpex,56.2,5373.0
2026-08-07,2062,twse,18.7,1331.0
2026-08-07,2063,tpex,24.1,109.0
2026-08-07,2064,tpex,11.85,49.0
2026-08-07,2065,tpex,33.05,84.0
2026-08-07,2066,tpex,63.4,3753.0
2026-08-07,2067,tpex,6.41,0.0
2026-08-07,2069,twse,19.6,359.0
2026-08-07,2070,tpex,59.3,1258.0
2026-08-07,2072,twse,154.0,0.0
2026-08-07,2073,tpex,26.8,0.0
2026-08-07,2101,twse,35.5,20991.0
2026-08-07,2102,twse,18.65,3507.0
2026-08-07,2103,twse,25.0,13847.0
2026-08-07,2104,twse,9.98,18875.0
2026-08-07,2105,twse,31.4,8891.0
2026-08-07,2106,twse,18.05,2687.0
2026-08-07,2107,twse,25.4,85.0
2026-08-07,2108,twse,28.7,2745.0
2026-08-07,2109,twse,14.45,680.0
2026-08-07,2114,twse,87.7,6.0
2026-08-07,2115,twse,22.55,506.0
2026-08-07,2201,twse,27.25,9849.0
2026-08-07,2204,twse,50.8,1370.0
2026-08-07,2206,twse,62.0,4026.0
2026-08-07,2207,twse,516.0,60.0
2026-08-07,2208,twse,18.85,0.0
2026-08-07,2211,twse,88.1,578.0
2026-08-07,2221,tpex,46.95,698.0
2026-08-07,2227,twse,49.4,0.0
2026-08-07,2228,twse,76.1,1542.0
2026-08-07,2230,tpex,26.5,3438.0
2026-08-07,2231,twse,98.8,2591.0
2026-08-07,2233,twse,201.0,4333.0
2026-08-07,2235,tpex,27.7,34.0
2026-08-07,2236,twse,131.0,11814.0
2026-08-07,2239,twse,19.65,1650.0
2026-08-07,2241,twse,32.65,7740.0
2026-08-07,2243,twse,40.05,1297.0
2026-08-07,2247,twse,228.5,153.0
2026-08-07,2248,twse,58.5,544.0
2026-08-07,2250,twse,59.7,1204.0
2026-08-07,2254,twse,0.0,2515.0
2026-08-07,2258,twse,29.85,0.0
2026-08-07,2301,twse,247.0,13501.0
2026-08-07,2302,twse,42.9,3910.0
2026-08-07,2303,twse,116.0,160961.0
2026-08-07,2305,twse,26.5,6177.0
2026-08-07,2308,twse,1650.0,8379.0
2026-08-07,2312,twse,31.3,45305.0
2026-08-07,2313,twse,208.5,30327.0
2026-08-07,2314,twse,12.15,0.0
2026-08-07,2316,twse,159.5,3452.0
2026-08-07,2317,twse,260.0,50435.0
2026-08-07,2321,twse,15.3,0.0
2026-08-07,2323,twse,10.25,29717.0
2026-08-07,2324,twse,36.55,51300.0
2026-08-07,2327,twse,540.0,34564.0
2026-08-07,2328,twse,45.15,16574.0
2026-08-07,2329,twse,44.0,13737.0
2026-08-07,2330,twse,2370.0,29657.0
2026-08-07,2331,twse,19.8,9626.0
2026-08-07,2332,twse,22.15,28624.0
2026-08-07,2337,twse,121.5,96067.0
2026-08-07,2338,twse,38.9,5012.0
2026-08-07,2340,twse,31.75,7637.0
2026-08-07,2342,twse,36.35,3510.0
2026-08-07,2344,twse,163.5,143500.0
2026-08-07,2345,twse,2215.0,1678.0
2026-08-07,2347,twse,93.4,1261.0
2026-08-07,2348,twse,71.4,2764.0
2026-08-07,2349,twse,10.95,0.0
2026-08-07,2351,twse,170.0,10967.0
2026-08-07,2352,twse,28.3,15307.0
2026-08-07,2353,twse,30.25,40305.0
2026-08-07,2354,twse,61.8,30563.0
2026-08-07,2355,twse,40.45,8890.0
2026-08-07,2356,twse,64.0,28158.0
2026-08-07,2357,twse,817.0,2010.0
2026-08-07,2359,twse,143.5,6550.0
2026-08-07,2360,twse,2030.0,1468.0
2026-08-07,2362,twse,50.5,2542.0
2026-08-07,2363,twse,53.7,16423.0
2026-08-07,2364,twse,72.0,761.0
2026-08-07,2365,twse,30.25,7732.0
2026-08-07,2367,twse,41.4,24062.0
2026-08-07,2368,twse,982.0,7711.0
2026-08-07,2369,twse,33.1,12768.0
2026-08-07,2371,twse,25.95,45692.0
2026-08-07,2373,twse,53.3,45.0
2026-08-07,2374,twse,70.0,15999.0
2026-08-07,2375,twse,117.5,4921.0
2026-08-07,2376,twse,344.0,6435.0
2026-08-07,2377,twse,153.0,13837.0
2026-08-07,2379,twse,750.0,2479.0
2026-08-07,2380,twse,19.0,0.0
2026-08-07,2382,twse,298.0,16790.0
2026-08-07,2383,twse,5240.0,2006.0
2026-08-07,2385,twse,101.5,3299.0
2026-08-07,2387,twse,38.4,1225.0
2026-08-07,2388,twse,77.9,9647.0
2026-08-07,2390,twse,10.55,1951.0
2026-08-07,2392,twse,36.95,4573.0
2026-08-07,2393,twse,60.9,2544.0
2026-08-07,2395,twse,634.0,2105.0
2026-08-07,2397,twse,66.2,1764.0
2026-08-07,2399,twse,42.55,10517.0
2026-08-07,2401,twse,27.05,7784.0
2026-08-07,2402,twse,54.1,11904.0
2026-08-07,2404,twse,1150.0,2131.0
2026-08-07,2405,twse,16.3,7601.0
2026-08-07,2406,twse,31.35,13417.0
2026-08-07,2408,twse,457.0,91807.0
2026-08-07,2409,twse,24.55,220902.0
2026-08-07,2412,twse,137.5,2448.0
2026-08-07,2413,twse,40.8,4276.0
2026-08-07,2414,twse,55.7,542.0
2026-08-07,2415,twse,31.55,2445.0
2026-08-07,2417,twse,42.95,3221.0
2026-08-07,2419,twse,24.2,5845.0
2026-08-07,2420,twse,55.3,788.0
2026-08-07,2421,twse,151.5,4000.0
2026-08-07,2423,twse,76.5,617.0
2026-08-07,2424,twse,8.63,0.0
2026-08-07,2425,twse,52.9,6235.0
2026-08-07,2426,twse,67.8,14878.0
2026-08-07,2427,twse,21.8,5338.0
2026-08-07,2428,twse,224.5,2059.0
2026-08-07,2429,twse,30.95,513.0
2026-08-07,2430,twse,17.1,97.0
2026-08-07,2431,twse,10.5,1526.0
2026-08-07,2432,twse,28.1,317.0
2026-08-07,2433,twse,41.95,24.0
2026-08-07,2434,twse,53.2,324.0
2026-08-07,2436,twse,61.6,6374.0
2026-08-07,2438,twse,17.3,0.0
2026-08-07,2439,twse,80.2,3884.0
2026-08-07,2440,twse,15.25,1631.0
2026-08-07,2441,twse,117.5,8843.0
2026-08-07,2442,twse,19.4,4051.0
2026-08-07,2444,twse,10.9,0.0
2026-08-07,2449,twse,242.0,19688.0
2026-08-07,2450,twse,28.3,80.0
2026-08-07,2451,twse,297.0,6484.0
2026-08-07,2453,twse,52.8,2360.0
2026-08-07,2454,twse,3900.0,10104.0
2026-08-07,2455,twse,364.0,10799.0
2026-08-07,2457,twse,22.95,12027.0
2026-08-07,2458,twse,141.5,3937.0
2026-08-07,2459,twse,65.2,87.0
2026-08-07,2460,twse,30.25,208.0
2026-08-07,2461,twse,17.35,8497.0
2026-08-07,2462,twse,19.45,2313.0
2026-08-07,2464,twse,173.5,19459.0
2026-08-07,2465,twse,85.1,3491.0
2026-08-07,2466,twse,91.4,6075.0
2026-08-07,2467,twse,500.0,1735.0
2026-08-07,2468,twse,34.6,3291.0
2026-08-07,2471,twse,48.4,1289.0
2026-08-07,2472,twse,229.5,4668.0
2026-08-07,2474,twse,187.5,8444.0
2026-08-07,2476,twse,125.5,40675.0
2026-08-07,2477,twse,22.35,1194.0
2026-08-07,2478,twse,114.0,7654.0
2026-08-07,2480,twse,156.5,389.0
2026-08-07,2481,twse,133.0,12744.0
2026-08-07,2482,twse,16.2,1790.0
2026-08-07,2483,twse,35.45,1914.0
2026-08-07,2484,twse,71.7,16014.0
2026-08-07,2485,twse,40.5,11079.0
2026-08-07,2486,twse,231.0,21976.0
2026-08-07,2488,twse,49.0,526.0
2026-08-07,2489,twse,30.85,28458.0
2026-08-07,2491,twse,31.75,1623.0
2026-08-07,2492,twse,251.0,11425.0
2026-08-07,2493,twse,215.0,9870.0
2026-08-07,2495,twse,36.85,7969.0
2026-08-07,2496,twse,59.2,34.0
2026-08-07,2497,twse,47.5,1778.0
2026-08-07,2498,twse,39.9,28491.0
2026-08-07,2501,twse,22.05,4647.0
2026-08-07,2504,twse,30.75,4775.0
2026-08-07,2505,twse,18.0,3262.0
2026-08-07,2506,twse,8.6,1851.0
2026-08-07,2509,twse,13.0,554.0
2026-08-07,2511,twse,8.35,2522.0
2026-08-07,2514,twse,12.25,18156.0
2026-08-07,2515,twse,11.95,29566.0
2026-08-07,2516,twse,14.05,0.0
2026-08-07,2520,twse,34.7,2345.0
2026-08-07,2524,twse,34.15,3194.0
2026-08-07,2527,twse,47.1,5460.0
2026-08-07,2528,twse,20.6,6299.0
2026-08-07,2530,twse,19.45,6796.0
2026-08-07,2534,twse,17.05,11925.0
2026-08-07,2535,twse,90.1,282.0
2026-08-07,2536,twse,19.4,4822.0
2026-08-07,2537,twse,11.05,3598.0
2026-08-07,2538,twse,9.16,2408.0
2026-08-07,2539,twse,43.3,2266.0
2026-08-07,2540,twse,54.9,2907.0
2026-08-07,2542,twse,44.3,4728.0
2026-08-07,2543,twse,39.25,9326.0
2026-08-07,2545,twse,32.15,2793.0
2026-08-07,2546,twse,99.1,107.0
2026-08-07,2547,twse,10.65,10397.0
2026-08-07,2548,twse,94.4,2161.0
2026-08-07,2596,tpex,32.15,2282.0
2026-08-07,2597,twse,166.0,168.0
2026-08-07,2601,twse,6.25,365.0
2026-08-07,2603,twse,207.5,15177.0
2026-08-07,2605,twse,32.55,12768.0
2026-08-07,2606,twse,67.5,2541.0
2026-08-07,2607,twse,47.9,823.0
2026-08-07,2608,twse,28.65,1118.0
2026-08-07,2609,twse,50.5,32506.0
2026-08-07,2610,twse,22.5,46333.0
2026-08-07,2611,twse,13.95,2121.0
2026-08-07,2612,twse,55.0,1554.0
2026-08-07,2613,twse,20.4,2113.0
2026-08-07,2614,twse,18.05,5366.0
2026-08-07,2615,twse,84.9,15208.0
2026-08-07,2616,twse,13.3,430.0
2026-08-07,2617,twse,28.9,2151.0
2026-08-07,2618,twse,44.4,40352.0
2026-08-07,2630,twse,48.2,5224.0
2026-08-07,2633,twse,25.8,1710.0
2026-08-07,2634,twse,61.7,23018.0
2026-08-07,2636,twse,65.2,613.0
2026-08-07,2637,twse,87.9,2476.0
2026-08-07,2640,tpex,144.5,503.0
2026-08-07,2641,tpex,17.3,10768.0
2026-08-07,2642,twse,20.3,602.0
2026-08-07,2643,tpex,63.8,78.0
2026-08-07,2645,twse,193.0,2943.0
2026-08-07,2646,twse,21.3,3826.0
2026-08-07,2701,twse,10.65,382.0
2026-08-07,2702,twse,12.45,429.0
2026-08-07,2704,twse,45.85,110.0
2026-08-07,2705,twse,16.2,547.0
2026-08-07,2706,twse,12.45,656.0
2026-08-07,2707,twse,179.5,175.0
2026-08-07,2712,twse,0.0,7.0
2026-08-07,2718,tpex,44.75,131.0
2026-08-07,2719,tpex,21.65,114.0
2026-08-07,2722,twse,21.9,407.0
2026-08-07,2723,twse,62.1,1650.0
2026-08-07,2724,tpex,10.9,0.0
2026-08-07,2726,tpex,8.68,283.0
2026-08-07,2727,twse,236.0,308.0
2026-08-07,2729,tpex,160.0,9.0
2026-08-07,2731,twse,145.0,887.0
2026-08-07,2732,tpex,64.0,278.0
2026-08-07,2734,tpex,14.9,587.0
2026-08-07,2736,tpex,11.5,554.0
2026-08-07,2739,twse,34.2,900.0
2026-08-07,2740,tpex,30.9,0.0
2026-08-07,2743,tpex,57.7,743.0
2026-08-07,2745,tpex,88.5,523.0
2026-08-07,2748,twse,38.35,505.0
2026-08-07,2751,tpex,51.5,2.0
2026-08-07,2752,tpex,175.0,0.0
2026-08-07,2753,twse,181.0,521.0
2026-08-07,2754,tpex,71.1,309.0
2026-08-07,2755,tpex,102.5,36.0
2026-08-07,2756,tpex,57.0,303.0
2026-08-07,2762,twse,82.5,212.0
2026-08-07,2801,twse,23.15,8553.0
2026-08-07,2812,twse,18.65,2731.0
2026-08-07,2816,twse,34.0,591.0
2026-08-07,2820,twse,16.35,504.0
2026-08-07,2832,twse,58.6,552.0
2026-08-07,2834,twse,16.5,26609.0
2026-08-07,2836,twse,11.85,6766.0
2026-08-07,2838,twse,20.6,844.0
2026-08-07,2845,twse,13.2,4362.0
2026-08-07,2849,twse,14.5,262.0
2026-08-07,2850,twse,163.0,312.0
2026-08-07,2851,twse,35.45,1032.0
2026-08-07,2852,twse,26.85,1530.0
2026-08-07,2855,twse,44.5,5861.0
2026-08-07,2867,twse,9.81,1875.0
2026-08-07,2880,twse,44.4,809.0
2026-08-07,2881,twse,127.0,7277.0
2026-08-07,2882,twse,99.4,4338.0
2026-08-07,2883,twse,30.85,11441.0
2026-08-07,2884,twse,38.15,4790.0
2026-08-07,2885,twse,67.7,2202.0
2026-08-07,2886,twse,50.9,1256.0
2026-08-07,2887,twse,35.15,40233.0
2026-08-07,2889,twse,15.3,2813.0
2026-08-07,2890,twse,38.95,3105.0
2026-08-07,2891,twse,65.6,3698.0
2026-08-07,2892,twse,35.55,1634.0
2026-08-07,2897,twse,10.15,1700.0
2026-08-07,2901,twse,24.0,472.0
2026-08-07,2903,twse,22.0,1533.0
2026-08-07,2904,twse,13.2,32.0
2026-08-07,2905,twse,16.4,7572.0
2026-08-07,2906,twse,13.15,612.0
2026-08-07,2908,twse,21.5,14107.0
2026-08-07,2910,twse,24.25,49.0
2026-08-07,2911,twse,6.8,212.0
2026-08-07,2912,twse,221.0,620.0
2026-08-07,2913,twse,11.0,6933.0
2026-08-07,2915,twse,51.9,8623.0
2026-08-07,2916,tpex,41.2,116.0
2026-08-07,2923,twse,27.2,0.0
2026-08-07,2924,tpex,16.95,4.0
2026-08-07,2926,tpex,30.4,4.0
2026-08-07,2929,twse,5.52,2098.0
2026-08-07,2937,tpex,44.9,0.0
2026-08-07,2939,twse,18.9,247.0
2026-08-07,2945,twse,41.7,0.0
2026-08-07,2947,tpex,62.2,0.0
2026-08-07,2948,tpex,38.65,0.0
2026-08-07,2949,tpex,60.5,0.0
2026-08-07,3002,twse,16.55,1851.0
2026-08-07,3003,twse,62.5,3189.0
2026-08-07,3004,twse,124.0,1874.0
2026-08-07,3005,twse,115.0,8651.0
2026-08-07,3006,twse,256.5,16372.0
2026-08-07,3008,twse,4385.0,2296.0
2026-08-07,3010,twse,120.5,1290.0
2026-08-07,3011,twse,11.65,3248.0
2026-08-07,3013,twse,85.1,8652.0
2026-08-07,3014,twse,135.0,2698.0
2026-08-07,3015,twse,54.8,2523.0
2026-08-07,3016,twse,98.0,7382.0
2026-08-07,3017,twse,2785.0,4133.0
2026-08-07,3018,twse,14.25,0.0
2026-08-07,3019,twse,129.5,10843.0
2026-08-07,3021,twse,20.7,589.0
2026-08-07,3022,twse,103.0,6572.0
2026-08-07,3023,twse,318.0,1086.0
2026-08-07,3024,twse,12.7,9701.0
2026-08-07,3025,twse,53.5,1640.0
2026-08-07,3026,twse,535.0,7248.0
2026-08-07,3027,twse,18.6,4609.0
2026-08-07,3028,twse,65.9,3108.0
2026-08-07,3029,twse,109.5,3158.0
2026-08-07,3030,twse,290.0,10386.0
2026-08-07,3031,twse,22.7,5328.0
2026-08-07,3032,twse,82.2,8197.0
2026-08-07,3033,twse,47.05,9112.0
2026-08-07,3034,twse,542.0,2468.0
2026-08-07,3035,twse,172.0,10162.0
2026-08-07,3036,twse,211.5,15067.0
2026-08-07,3037,twse,955.0,39328.0
2026-08-07,3038,twse,20.8,1466.0
2026-08-07,3040,twse,38.45,10091.0
2026-08-07,3041,twse,22.5,3426.0
2026-08-07,3042,twse,168.0,18851.0
2026-08-07,3043,twse,19.95,849.0
2026-08-07,3044,twse,394.0,6344.0
2026-08-07,3045,twse,111.5,1249.0
2026-08-07,3046,twse,56.7,1077.0
2026-08-07,3047,twse,14.4,6527.0
2026-08-07,3048,twse,57.5,6249.0
2026-08-07,3049,twse,10.65,0.0
2026-08-07,3050,twse,11.25,3206.0
2026-08-07,3051,twse,22.9,4084.0
2026-08-07,3052,twse,10.7,1683.0
2026-08-07,3054,twse,50.2,925.0
2026-08-07,3055,twse,103.5,5428.0
2026-08-07,3056,twse,14.1,3515.0
2026-08-07,3057,twse,15.4,0.0
2026-08-07,3058,twse,8.16,0.0
2026-08-07,3059,twse,40.15,11210.0
2026-08-07,3060,twse,29.0,8607.0
2026-08-07,3062,twse,20.3,9721.0
2026-08-07,3064,tpex,0.0,0.0
2026-08-07,3066,tpex,23.95,1168.0
2026-08-07,3071,tpex,26.0,3938.0
2026-08-07,3073,tpex,22.1,669.0
2026-08-07,3078,tpex,54.1,5716.0
2026-08-07,3081,tpex,2305.0,5155.0
2026-08-07,3083,tpex,25.45,1301.0
2026-08-07,3085,tpex,11.75,0.0
2026-08-07,3086,tpex,27.15,6813.0
2026-08-07,3088,tpex,136.5,2576.0
2026-08-07,3090,twse,150.5,6137.0
2026-08-07,3092,twse,23.7,3626.0
2026-08-07,3093,tpex,47.4,6051.0
2026-08-07,3094,twse,34.85,2836.0
2026-08-07,3095,tpex,39.4,414.0
2026-08-07,3105,tpex,366.0,45295.0
2026-08-07,3114,tpex,38.8,1269.0
2026-08-07,3115,tpex,9.29,0.0
2026-08-07,3118,tpex,32.6,28.0
2026-08-07,3122,tpex,25.0,53.0
2026-08-07,3128,tpex,21.6,1853.0
2026-08-07,3130,twse,203.5,9.0
2026-08-07,3131,tpex,2385.0,307.0
2026-08-07,3135,twse,168.0,2975.0
2026-08-07,3138,twse,95.6,2008.0
2026-08-07,3141,tpex,79.0,5242.0
2026-08-07,3147,tpex,223.0,1498.0
2026-08-07,3149,twse,62.8,21285.0
2026-08-07,3150,twse,16.65,232.0
2026-08-07,3152,tpex,218.0,651.0
2026-08-07,3162,tpex,62.2,5944.0
2026-08-07,3163,tpex,671.0,7162.0
2026-08-07,3164,twse,16.4,304.0
2026-08-07,3167,twse,691.0,5553.0
2026-08-07,3168,twse,42.45,38.0
2026-08-07,3169,tpex,102.5,1040.0
2026-08-07,3171,tpex,66.2,57.0
2026-08-07,3176,tpex,33.7,1003.0
2026-08-07,3178,tpex,57.3,1136.0
2026-08-07,3188,tpex,23.15,2763.0
2026-08-07,3189,twse,823.0,23377.0
2026-08-07,3191,tpex,18.75,0.0
2026-08-07,3205,tpex,49.25,1701.0
2026-08-07,3206,tpex,33.35,861.0
2026-08-07,3207,tpex,41.4,4561.0
2026-08-07,3209,twse,57.6,5658.0
2026-08-07,3211,tpex,338.5,11905.0
2026-08-07,3213,tpex,136.5,1483.0
2026-08-07,3217,tpex,142.0,1679.0
2026-08-07,3218,tpex,142.5,644.0
2026-08-07,3219,tpex,69.4,1406.0
2026-08-07,3221,tpex,46.15,3443.0
2026-08-07,3224,tpex,35.0,7819.0
2026-08-07,3226,tpex,51.6,1.0
2026-08-07,3227,tpex,205.5,2893.0
2026-08-07,3228,tpex,141.5,0.0
2026-08-07,3229,twse,46.55,0.0
2026-08-07,3230,tpex,40.25,3542.0
2026-08-07,3231,twse,183.5,41020.0
2026-08-07,3232,tpex,19.55,2959.0
2026-08-07,3234,tpex,107.5,0.0
2026-08-07,3236,tpex,40.9,3237.0
2026-08-07,3252,tpex,15.85,12278.0
2026-08-07,3257,twse,50.0,2466.0
2026-08-07,3259,tpex,14.8,0.0
2026-08-07,3260,tpex,416.0,20789.0
2026-08-07,3264,tpex,207.5,6930.0
2026-08-07,3265,tpex,153.5,3817.0
2026-08-07,3266,twse,13.9,355.0
2026-08-07,3268,tpex,20.45,1870.0
2026-08-07,3272,tpex,13.85,1027.0
2026-08-07,3276,tpex,14.45,1469.0
2026-08-07,3284,tpex,21.2,896.0
2026-08-07,3285,tpex,39.4,305.0
2026-08-07,3287,tpex,29.6,1948.0
2026-08-07,3288,tpex,22.6,0.0
2026-08-07,3289,tpex,138.5,7413.0
2026-08-07,3290,tpex,53.5,9342.0
2026-08-07,3293,tpex,799.0,2229.0
2026-08-07,3294,tpex,30.2,6445.0
2026-08-07,3296,twse,23.0,1812.0
2026-08-07,3297,tpex,27.5,701.0
2026-08-07,3303,tpex,54.8,2005.0
2026-08-07,3305,twse,112.5,6797.0
2026-08-07,3306,tpex,43.65,900.0
2026-08-07,3308,twse,19.65,708.0
2026-08-07,3310,tpex,68.0,2604.0
2026-08-07,3311,twse,32.2,2893.0
2026-08-07,3312,twse,48.0,4883.0
2026-08-07,3313,tpex,10.3,639.0
2026-08-07,3317,tpex,67.3,3900.0
2026-08-07,3321,twse,19.1,0.0
2026-08-07,3322,tpex,11.25,9338.0
2026-08-07,3323,tpex,30.7,5585.0
2026-08-07,3324,tpex,1015.0,5315.0
2026-08-07,3325,tpex,12.0,559.0
2026-08-07,3332,tpex,61.9,129.0
2026-08-07,3338,twse,64.0,3418.0
2026-08-07,3339,tpex,37.8,6655.0
2026-08-07,3346,twse,20.8,2973.0
2026-08-07,3349,tpex,23.0,0.0
2026-08-07,3354,tpex,20.4,1134.0
2026-08-07,3356,twse,55.8,1789.0
2026-08-07,3357,tpex,207.0,3521.0
2026-08-07,3360,tpex,16.05,2791.0
2026-08-07,3362,tpex,173.5,4858.0
2026-08-07,3363,tpex,582.0,5263.0
2026-08-07,3372,tpex,15.6,0.0
2026-08-07,3373,tpex,16.65,884.0
2026-08-07,3374,tpex,306.5,27381.0
2026-08-07,3376,twse,184.5,11228.0
2026-08-07,3379,tpex,29.95,1768.0
2026-08-07,3380,twse,27.95,5192.0
2026-08-07,3388,tpex,72.6,1573.0
2026-08-07,3390,tpex,22.7,2351.0
2026-08-07,3402,tpex,126.0,1246.0
2026-08-07,3406,twse,546.0,2808.0
2026-08-07,3413,twse,309.0,3799.0
2026-08-07,3416,twse,191.0,855.0
2026-08-07,3419,twse,12.0,1042.0
2026-08-07,3430,tpex,109.5,1677.0
2026-08-07,3432,twse,15.9,0.0
2026-08-07,3434,tpex,30.8,1544.0
2026-08-07,3437,twse,17.4,2686.0
2026-08-07,3438,tpex,59.4,972.0
2026-08-07,3441,tpex,84.4,4098.0
2026-08-07,3443,twse,4545.0,4363.0
2026-08-07,3444,tpex,75.3,928.0
2026-08-07,3447,twse,28.25,1882.0
2026-08-07,3450,twse,477.0,15700.0
2026-08-07,3455,tpex,190.0,3426.0
2026-08-07,3465,tpex,29.95,728.0
2026-08-07,3466,tpex,24.5,10748.0
2026-08-07,3467,tpex,44.5,140.0
2026-08-07,3479,tpex,138.5,3342.0
2026-08-07,3481,twse,47.55,332234.0
2026-08-07,3483,tpex,74.4,4709.0
2026-08-07,3484,tpex,51.7,1872.0
2026-08-07,3485,tpex,210.5,0.0
2026-08-07,3489,tpex,26.0,369.0
2026-08-07,3490,tpex,30.4,2800.0
2026-08-07,3491,tpex,1235.0,3465.0
2026-08-07,3492,tpex,22.3,851.0
2026-08-07,3494,twse,7.05,0.0
2026-08-07,3498,tpex,116.5,4723.0
2026-08-07,3499,tpex,13.0,0.0
2026-08-07,3501,twse,38.4,1162.0
2026-08-07,3504,twse,73.6,2961.0
2026-08-07,3508,tpex,17.1,0.0
2026-08-07,3511,tpex,20.15,2666.0
2026-08-07,3512,tpex,19.7,695.0
2026-08-07,3515,twse,212.5,1670.0
2026-08-07,3516,tpex,26.5,9231.0
2026-08-07,3518,twse,28.15,3985.0
2026-08-07,3520,tpex,18.35,2275.0
2026-08-07,3521,tpex,12.25,2222.0
2026-08-07,3522,tpex,11.8,0.0
2026-08-07,3523,tpex,15.3,0.0
2026-08-07,3526,tpex,282.5,1849.0
2026-08-07,3527,tpex,50.8,1076.0
2026-08-07,3528,twse,89.2,2350.0
2026-08-07,3529,tpex,2725.0,1143.0
2026-08-07,3530,twse,54.0,1276.0
2026-08-07,3531,tpex,21.6,35.0
2026-08-07,3532,twse,312.5,7626.0
2026-08-07,3533,twse,1910.0,782.0
2026-08-07,3535,twse,85.2,4003.0
2026-08-07,3537,tpex,51.4,1346.0
2026-08-07,3540,tpex,20.7,1856.0
2026-08-07,3541,tpex,20.8,265.0
2026-08-07,3543,twse,36.0,5238.0
2026-08-07,3545,twse,50.4,4318.0
2026-08-07,3546,tpex,74.6,1854.0
2026-08-07,3548,tpex,76.1,3395.0
2026-08-07,3550,twse,24.55,13874.0
2026-08-07,3551,tpex,174.0,1398.0
2026-08-07,3552,tpex,44.2,1501.0
2026-08-07,3555,tpex,156.5,694.0
2026-08-07,3556,tpex,63.8,1205.0
2026-08-07,3557,twse,26.15,377.0
2026-08-07,3558,tpex,128.0,1428.0
2026-08-07,3563,twse,655.0,5606.0
2026-08-07,3564,tpex,46.3,715.0
2026-08-07,3567,tpex,26.35,673.0
2026-08-07,3570,tpex,165.0,121.0
2026-08-07,3576,twse,16.95,0.0
2026-08-07,3577,tpex,142.0,1197.0
2026-08-07,3580,tpex,77.0,2479.0
2026-08-07,3581,tpex,110.5,1417.0
2026-08-07,3583,twse,693.0,1908.0
2026-08-07,3587,tpex,255.5,2828.0
2026-08-07,3588,twse,54.3,1715.0
2026-08-07,3591,twse,21.2,27494.0
2026-08-07,3592,twse,244.5,928.0
2026-08-07,3593,twse,12.5,0.0
2026-08-07,3594,tpex,60.0,4069.0
2026-08-07,3596,twse,178.5,1285.0
2026-08-07,3597,tpex,26.95,972.0
2026-08-07,3605,twse,107.5,13227.0
2026-08-07,3607,twse,14.3,1859.0
2026-08-07,3609,tpex,25.1,4242.0
2026-08-07,3611,tpex,187.0,218.0
2026-08-07,3615,tpex,34.5,3457.0
2026-08-07,3617,twse,232.0,1952.0
2026-08-07,3622,twse,54.4,1745.0
2026-08-07,3623,tpex,21.0,658.0
2026-08-07,3624,tpex,74.8,3064.0
2026-08-07,3625,tpex,16.35,0.0
2026-08-07,3628,tpex,64.4,923.0
2026-08-07,3629,tpex,13.5,0.0
2026-08-07,3630,tpex,25.9,4265.0
2026-08-07,3631,tpex,31.2,877.0
2026-08-07,3632,tpex,8.0,0.0
2026-08-07,3645,twse,68.4,5122.0
2026-08-07,3646,tpex,23.25,1119.0
2026-08-07,3652,twse,33.9,668.0
2026-08-07,3653,twse,4380.0,2350.0
2026-08-07,3661,twse,3715.0,6036.0
2026-08-07,3663,tpex,62.1,2779.0
2026-08-07,3664,tpex,7.28,0.0
2026-08-07,3665,twse,2200.0,2118.0
2026-08-07,3666,tpex,25.1,1927.0
2026-08-07,3669,twse,38.35,813.0
2026-08-07,3672,tpex,12.5,0.0
2026-08-07,3673,twse,60.4,14276.0
2026-08-07,3675,tpex,265.5,1681.0
2026-08-07,3679,twse,110.5,121.0
2026-08-07,3680,tpex,438.5,3142.0
2026-08-07,3684,tpex,52.5,447.0
2026-08-07,3685,tpex,39.65,12.0
2026-08-07,3686,twse,14.7,0.0
2026-08-07,3687,tpex,65.7,1113.0
2026-08-07,3689,tpex,107.5,5321.0
2026-08-07,3691,tpex,115.0,2502.0
2026-08-07,3693,tpex,527.0,3836.0
2026-08-07,3694,twse,55.6,6791.0
2026-08-07,3701,twse,42.55,6040.0
2026-08-07,3702,twse,122.5,6450.0
2026-08-07,3703,twse,20.4,1460.0
2026-08-07,3704,twse,45.85,6322.0
2026-08-07,3705,twse,53.5,370.0
2026-08-07,3706,twse,91.7,29556.0
2026-08-07,3707,tpex,60.1,11727.0
2026-08-07,3708,twse,96.0,2967.0
2026-08-07,3709,tpex,79.4,3871.0
2026-08-07,3710,tpex,5.03,0.0
2026-08-07,3711,twse,585.0,12781.0
2026-08-07,3712,twse,20.35,2454.0
2026-08-07,3713,tpex,14.4,0.0
2026-08-07,3714,twse,59.4,23827.0
2026-08-07,3715,twse,114.5,19577.0
2026-08-07,3716,twse,34.95,690.0
2026-08-07,3717,twse,24.05,13113.0
2026-08-07,4102,tpex,19.0,70.0
2026-08-07,4104,twse,70.4,97.0
2026-08-07,4105,tpex,76.5,892.0
2026-08-07,4106,twse,24.6,643.0
2026-08-07,4107,tpex,116.5,77.0
2026-08-07,4108,twse,11.15,0.0
2026-08-07,4109,tpex,11.25,3639.0
2026-08-07,4111,tpex,29.85,550.0
2026-08-07,4113,tpex,14.8,10481.0
2026-08-07,4114,tpex,29.25,2820.0
2026-08-07,4116,tpex,39.65,324.0
2026-08-07,4119,twse,51.6,611.0
2026-08-07,4120,tpex,49.1,816.0
2026-08-07,4121,tpex,13.0,5198.0
2026-08-07,4123,tpex,39.1,10868.0
2026-08-07,4126,tpex,77.0,719.0
2026-08-07,4127,tpex,89.3,837.0
2026-08-07,4128,tpex,14.7,8178.0
2026-08-07,4129,tpex,86.5,1372.0
2026-08-07,4131,tpex,32.5,0.0
2026-08-07,4133,twse,21.2,1289.0
2026-08-07,4137,twse,95.6,1075.0
2026-08-07,4138,tpex,51.2,43.0
2026-08-07,4139,tpex,36.15,1284.0
2026-08-07,4142,twse,17.7,6468.0
2026-08-07,4147,tpex,56.8,11356.0
2026-08-07,4148,twse,30.3,388.0
2026-08-07,4153,tpex,33.2,359.0
2026-08-07,4154,tpex,11.3,0.0
2026-08-07,4155,twse,14.5,929.0
2026-08-07,4157,tpex,8.77,8277.0
2026-08-07,4160,tpex,40.15,171.0
2026-08-07,4161,tpex,23.7,1168.0
2026-08-07,4162,tpex,63.7,2645.0
2026-08-07,4163,tpex,144.0,184.0
2026-08-07,4164,twse,26.1,6218.0
2026-08-07,4166,tpex,24.95,1429.0
2026-08-07,4167,tpex,19.75,10260.0
2026-08-07,4168,tpex,23.0,97.0
2026-08-07,4169,twse,157.0,0.0
2026-08-07,4171,tpex,17.05,897.0
2026-08-07,4173,tpex,17.65,414.0
2026-08-07,4174,tpex,25.95,1103.0
2026-08-07,4175,tpex,50.2,24.0
2026-08-07,4178,twse,18.4,0.0
2026-08-07,4188,tpex,10.1,0.0
2026-08-07,4190,twse,25.5,283.0
2026-08-07,4192,tpex,19.2,0.0
2026-08-07,4195,twse,15.35,0.0
2026-08-07,4198,tpex,41.7,0.0
2026-08-07,4205,tpex,69.8,3.0
2026-08-07,4207,tpex,19.85,536.0
2026-08-07,4303,tpex,45.05,7156.0
2026-08-07,4304,tpex,15.7,0.0
2026-08-07,4305,tpex,43.8,1.0
2026-08-07,4306,twse,14.45,4783.0
2026-08-07,4401,tpex,13.85,764.0
2026-08-07,4402,tpex,16.7,0.0
2026-08-07,4406,tpex,9.96,337.0
2026-08-07,4413,tpex,14.9,425.0
2026-08-07,4414,twse,8.32,710.0
2026-08-07,4416,tpex,10.55,538.0
2026-08-07,4417,tpex,44.8,136.0
2026-08-07,4419,tpex,45.65,0.0
2026-08-07,4420,tpex,35.45,587.0
2026-08-07,4426,twse,7.9,1008.0
2026-08-07,4430,tpex,17.4,59.0
2026-08-07,4432,tpex,15.95,457.0
2026-08-07,4433,tpex,19.6,295.0
2026-08-07,4438,twse,59.7,763.0
2026-08-07,4439,twse,104.0,223.0
2026-08-07,4440,twse,17.45,147.0
2026-08-07,4441,twse,190.5,233.0
2026-08-07,4442,tpex,51.1,190.0
2026-08-07,4502,tpex,15.7,488.0
2026-08-07,4503,tpex,30.15,2107.0
2026-08-07,4506,tpex,122.5,2.0
2026-08-07,4510,tpex,40.1,4570.0
2026-08-07,4513,tpex,17.85,2644.0
2026-08-07,4523,tpex,25.8,941.0
2026-08-07,4526,twse,29.95,5480.0
2026-08-07,4527,tpex,39.6,89.0
2026-08-07,4528,tpex,15.2,205.0
2026-08-07,4529,tpex,4.19,0.0
2026-08-07,4530,tpex,25.6,46.0
2026-08-07,4532,twse,24.5,2287.0
2026-08-07,4533,tpex,24.6,8121.0
2026-08-07,4534,tpex,34.3,0.0
2026-08-07,4535,tpex,28.3,207.0
2026-08-07,4536,twse,170.0,676.0
2026-08-07,4538,tpex,17.4,499.0
2026-08-07,4540,twse,60.0,3729.0
2026-08-07,4541,tpex,65.9,3708.0
2026-08-07,4542,tpex,290.0,5113.0
2026-08-07,4543,tpex,32.0,930.0
2026-08-07,4545,twse,32.75,1192.0
2026-08-07,4549,tpex,90.3,636.0
2026-08-07,4550,tpex,24.4,148.0
2026-08-07,4551,twse,167.5,2414.0
2026-08-07,4552,twse,17.7,2408.0
2026-08-07,4554,tpex,30.55,73.0
2026-08-07,4555,twse,46.75,2207.0
2026-08-07,4556,tpex,83.0,467.0
2026-08-07,4557,twse,48.55,357.0
2026-08-07,4558,tpex,17.1,238.0
2026-08-07,4560,twse,32.1,277.0
2026-08-07,4561,tpex,43.85,907.0
2026-08-07,4562,twse,32.6,1831.0
2026-08-07,4563,tpex,39.6,815.0
2026-08-07,4564,twse,16.05,10419.0
2026-08-07,4566,twse,76.3,5374.0
2026-08-07,4568,tpex,39.4,43.0
2026-08-07,4569,twse,165.0,744.0
2026-08-07,4571,twse,171.5,1129.0
2026-08-07,4572,twse,141.5,325.0
2026-08-07,4576,twse,218.0,2718.0
2026-08-07,4577,tpex,79.3,1002.0
2026-08-07,4580,tpex,80.7,96.0
2026-08-07,4581,twse,50.5,26.0
2026-08-07,4582,twse,29.0,0.0
2026-08-07,4583,twse,503.0,3040.0
2026-08-07,4584,tpex,39.7,0.0
2026-08-07,4585,twse,308.5,605.0
2026-08-07,4588,twse,51.3,390.0
2026-08-07,4590,twse,83.1,0.0
2026-08-07,4609,tpex,4.8,0.0
2026-08-07,4702,tpex,9.64,1017.0
2026-08-07,4706,tpex,31.9,59.0
2026-08-07,4707,tpex,31.9,14442.0
2026-08-07,4711,tpex,15.95,633.0
2026-08-07,4714,tpex,10.4,5968.0
2026-08-07,4716,tpex,16.65,13746.0
2026-08-07,4720,twse,19.35,3269.0
2026-08-07,4721,tpex,71.7,1866.0
2026-08-07,4722,twse,232.0,11774.0
2026-08-07,4726,tpex,24.35,138.0
2026-08-07,4728,tpex,389.0,1848.0
2026-08-07,4729,tpex,19.85,1174.0
2026-08-07,4735,tpex,31.7,298.0
2026-08-07,4736,twse,130.5,205.0
2026-08-07,4737,twse,55.0,1599.0
2026-08-07,4739,twse,84.2,8452.0
2026-08-07,4741,tpex,44.15,1417.0
2026-08-07,4743,tpex,45.6,13732.0
2026-08-07,4744,tpex,28.8,2767.0
2026-08-07,4745,tpex,12.2,130.0
2026-08-07,4746,twse,54.0,1976.0
2026-08-07,4747,tpex,49.8,1531.0
2026-08-07,4749,tpex,809.0,4129.0
2026-08-07,4754,tpex,36.4,96.0
2026-08-07,4755,twse,114.5,995.0
2026-08-07,4760,tpex,236.5,2115.0
2026-08-07,4763,twse,49.9,42106.0
2026-08-07,4764,twse,236.5,4733.0
2026-08-07,4766,twse,326.5,1087.0
2026-08-07,4767,tpex,26.5,5.0
2026-08-07,4768,tpex,292.0,2642.0
2026-08-07,4770,twse,216.5,988.0
2026-08-07,4771,twse,202.5,586.0
2026-08-07,4772,tpex,233.0,3440.0
2026-08-07,4804,tpex,0.0,0.0
2026-08-07,4806,tpex,0.0,0.0
2026-08-07,4807,twse,33.5,1224.0
2026-08-07,4903,tpex,38.3,4233.0
2026-08-07,4904,twse,103.0,639.0
2026-08-07,4905,tpex,66.6,125.0
2026-08-07,4906,twse,33.95,28481.0
2026-08-07,4907,tpex,47.6,893.0
2026-08-07,4908,tpex,143.5,2622.0
2026-08-07,4909,tpex,38.2,3943.0
2026-08-07,4911,tpex,27.9,210.0
2026-08-07,4912,twse,89.0,3674.0
2026-08-07,4915,twse,59.5,4437.0
2026-08-07,4916,twse,108.0,7426.0
2026-08-07,4919,twse,120.0,13039.0
2026-08-07,4923,tpex,45.35,1931.0
2026-08-07,4924,tpex,10.1,1336.0
2026-08-07,4927,twse,33.0,23378.0
2026-08-07,4930,twse,16.05,3811.0
2026-08-07,4931,tpex,216.5,8682.0
2026-08-07,4933,tpex,55.0,1109.0
2026-08-07,4934,twse,14.15,0.0
2026-08-07,4935,twse,34.8,621.0
2026-08-07,4938,twse,87.1,4868.0
2026-08-07,4939,tpex,60.8,5978.0
2026-08-07,4942,twse,34.4,647.0
2026-08-07,4943,twse,8.75,0.0
2026-08-07,4946,tpex,83.7,42.0
2026-08-07,4949,twse,66.8,2785.0
2026-08-07,4950,tpex,15.7,0.0
2026-08-07,4951,tpex,79.0,888.0
2026-08-07,4952,twse,50.5,1329.0
2026-08-07,4953,tpex,125.5,884.0
2026-08-07,4956,twse,31.1,5287.0
2026-08-07,4958,twse,473.0,29340.0
2026-08-07,4960,twse,20.45,15435.0
2026-08-07,4961,twse,172.5,1352.0
2026-08-07,4966,tpex,598.0,3565.0
2026-08-07,4967,twse,280.0,7609.0
2026-08-07,4968,twse,95.2,5151.0
2026-08-07,4971,tpex,460.5,3862.0
2026-08-07,4972,tpex,16.5,110.0
2026-08-07,4973,tpex,156.0,3097.0
2026-08-07,4974,tpex,68.8,841.0
2026-08-07,4976,twse,36.25,5048.0
2026-08-07,4977,twse,133.5,6192.0
2026-08-07,4979,tpex,488.0,11860.0
2026-08-07,4989,twse,65.7,14660.0
2026-08-07,4991,tpex,465.0,7227.0
2026-08-07,4994,twse,87.2,2363.0
2026-08-07,4995,tpex,48.75,2011.0
2026-08-07,4999,twse,18.35,404.0
2026-08-07,5007,twse,56.1,8.0
2026-08-07,5009,tpex,32.85,7863.0
2026-08-07,5011,tpex,17.75,8120.0
2026-08-07,5013,tpex,25.75,7.0
2026-08-07,5014,tpex,10.75,2405.0
2026-08-07,5015,tpex,21.45,129.0
2026-08-07,5016,tpex,24.05,242.0
2026-08-07,5201,tpex,26.45,6889.0
2026-08-07,5202,tpex,12.25,2075.0
2026-08-07,5203,twse,66.6,1118.0
2026-08-07,5205,tpex,21.95,0.0
2026-08-07,5206,tpex,22.2,1064.0
2026-08-07,5209,tpex,157.5,41.0
2026-08-07,5210,tpex,28.25,5056.0
2026-08-07,5211,tpex,20.15,344.0
2026-08-07,5212,tpex,47.45,78.0
2026-08-07,5213,tpex,20.95,3026.0
2026-08-07,5215,twse,37.85,662.0
2026-08-07,5220,tpex,20.45,286.0
2026-08-07,5222,twse,112.5,1843.0
2026-08-07,5223,tpex,23.35,273.0
2026-08-07,5225,twse,74.1,1328.0
2026-08-07,5227,tpex,33.7,18.0
2026-08-07,5228,tpex,40.25,461.0
2026-08-07,5230,tpex,17.25,925.0
2026-08-07,5234,twse,326.0,1513.0
2026-08-07,5236,twse,142.5,206.0
2026-08-07,5243,twse,87.1,9204.0
2026-08-07,5244,twse,33.15,2369.0
2026-08-07,5245,tpex,23.3,933.0
2026-08-07,5251,tpex,25.85,1625.0
2026-08-07,5258,twse,51.8,3980.0
2026-08-07,5263,tpex,91.4,4488.0
2026-08-07,5269,twse,1400.0,1968.0
2026-08-07,5272,tpex,17.95,700.0
2026-08-07,5274,tpex,16345.0,134.0
2026-08-07,5276,tpex,18.95,0.0
2026-08-07,5278,tpex,24.65,1283.0
2026-08-07,5283,twse,54.0,70.0
2026-08-07,5284,twse,297.0,3766.0
2026-08-07,5285,twse,77.1,4608.0
2026-08-07,5287,tpex,146.5,212.0
2026-08-07,5288,twse,192.5,2613.0
2026-08-07,5289,tpex,1500.0,4507.0
2026-08-07,5291,tpex,56.1,4376.0
2026-08-07,5292,twse,172.0,854.0
2026-08-07,5299,tpex,99.2,844.0
2026-08-07,5301,tpex,5.34,0.0
2026-08-07,5302,tpex,10.15,0.0
2026-08-07,5306,twse,94.7,536.0
2026-08-07,5309,tpex,52.0,9755.0
2026-08-07,5310,tpex,25.0,0.0
2026-08-07,5312,tpex,88.9,542.0
2026-08-07,5314,tpex,60.0,14446.0
2026-08-07,5315,tpex,19.3,2516.0
2026-08-07,5321,tpex,54.0,1631.0
2026-08-07,5324,tpex,12.3,0.0
2026-08-07,5328,tpex,60.8,6844.0
2026-08-07,5340,tpex,70.3,5719.0
2026-08-07,5344,tpex,13.8,0.0
2026-08-07,5345,tpex,22.45,0.0
2026-08-07,5347,tpex,143.5,14695.0
2026-08-07,5351,tpex,104.0,12763.0
2026-08-07,5353,tpex,28.6,1352.0
2026-08-07,5355,tpex,5.6,0.0
2026-08-07,5356,tpex,24.55,5527.0
2026-08-07,5364,tpex,8.83,1273.0
2026-08-07,5371,tpex,83.0,15401.0
2026-08-07,5381,tpex,23.9,3877.0
2026-08-07,5386,tpex,271.0,1678.0
2026-08-07,5388,twse,91.4,5093.0
2026-08-07,5392,tpex,46.05,8596.0
2026-08-07,5398,tpex,14.05,3425.0
2026-08-07,5403,tpex,92.5,67.0
2026-08-07,5410,tpex,34.5,1880.0
2026-08-07,5425,tpex,82.5,10056.0
2026-08-07,5426,tpex,26.25,2530.0
2026-08-07,5432,tpex,107.5,702.0
2026-08-07,5434,twse,499.0,1027.0
2026-08-07,5438,tpex,16.85,998.0
2026-08-07,5439,tpex,241.0,5993.0
2026-08-07,5443,tpex,95.1,4609.0
2026-08-07,5450,tpex,14.3,470.0
2026-08-07,5452,tpex,26.25,3314.0
2026-08-07,5455,tpex,28.55,111.0
2026-08-07,5457,tpex,28.5,5399.0
2026-08-07,5460,tpex,15.85,963.0
2026-08-07,5464,tpex,62.6,8456.0
2026-08-07,5465,tpex,21.55,1224.0
2026-08-07,5468,tpex,25.3,0.0
2026-08-07,5469,twse,71.4,13589.0
2026-08-07,5471,twse,54.8,4229.0
2026-08-07,5474,tpex,146.0,1135.0
2026-08-07,5475,tpex,123.5,0.0
2026-08-07,5478,tpex,99.5,347.0
2026-08-07,5481,tpex,19.65,5174.0
2026-08-07,5483,tpex,168.5,15481.0
2026-08-07,5484,twse,44.8,0.0
2026-08-07,5487,tpex,28.65,1743.0
2026-08-07,5488,tpex,13.5,2897.0
2026-08-07,5489,tpex,41.65,572.0
2026-08-07,5490,tpex,30.7,3221.0
2026-08-07,5493,tpex,78.6,2422.0
2026-08-07,5498,tpex,48.5,4527.0
2026-08-07,5508,tpex,53.5,2904.0
2026-08-07,5511,tpex,69.7,529.0
2026-08-07,5512,tpex,7.72,4442.0
2026-08-07,5514,tpex,13.75,42.0
2026-08-07,5515,twse,43.25,2037.0
2026-08-07,5516,tpex,12.35,0.0
2026-08-07,5519,twse,27.95,842.0
2026-08-07,5520,tpex,83.5,4.0
2026-08-07,5521,twse,10.15,13319.0
2026-08-07,5522,twse,64.1,1008.0
2026-08-07,5523,tpex,30.35,3.0
2026-08-07,5525,twse,22.05,319.0
2026-08-07,5529,tpex,21.25,1758.0
2026-08-07,5530,tpex,47.3,2071.0
2026-08-07,5531,twse,7.71,3700.0
2026-08-07,5533,twse,13.9,486.0
2026-08-07,5534,twse,78.4,3360.0
2026-08-07,5536,tpex,1060.0,800.0
2026-08-07,5538,twse,35.4,65.0
2026-08-07,5543,tpex,24.15,0.0
2026-08-07,5546,twse,14.0,22.0
2026-08-07,5547,tpex,19.5,5.0
2026-08-07,5548,tpex,20.8,29.0
2026-08-07,5601,tpex,29.3,1.0
2026-08-07,5603,tpex,14.15,2852.0
2026-08-07,5604,tpex,30.5,18.0
2026-08-07,5607,twse,48.95,1778.0
2026-08-07,5608,twse,13.25,3946.0
2026-08-07,5609,tpex,79.0,100.0
2026-08-07,5701,tpex,4.38,0.0
2026-08-07,5703,tpex,0.0,0.0
2026-08-07,5704,tpex,21.6,56.0
2026-08-07,5706,twse,45.35,703.0
2026-08-07,5864,tpex,28.8,8535.0
2026-08-07,5871,twse,109.0,4122.0
2026-08-07,5876,twse,43.45,723.0
2026-08-07,5880,twse,26.2,2524.0
2026-08-07,5902,tpex,34.3,6484.0
2026-08-07,5903,tpex,183.5,9.0
2026-08-07,5904,tpex,0.0,594.0
2026-08-07,5905,tpex,8.19,2055.0
2026-08-07,5906,twse,0.0,21.0
2026-08-07,5907,twse,4.9,5496.0
2026-08-07,6005,twse,33.85,5587.0
2026-08-07,6015,tpex,15.3,5208.0
2026-08-07,6016,tpex,19.8,4795.0
2026-08-07,6020,tpex,20.7,377.0
2026-08-07,6021,tpex,34.1,403.0
2026-08-07,6023,tpex,86.7,488.0
2026-08-07,6024,twse,59.9,334.0
2026-08-07,6026,tpex,14.1,3266.0
2026-08-07,6028,tpex,83.0,0.0
2026-08-07,6101,tpex,35.65,8430.0
2026-08-07,6103,tpex,28.55,10.0
2026-08-07,6104,tpex,93.0,4739.0
2026-08-07,6108,twse,18.9,1761.0
2026-08-07,6109,tpex,11.05,4.0
2026-08-07,6111,tpex,37.0,2344.0
2026-08-07,6112,twse,45.9,2872.0
2026-08-07,6113,tpex,23.6,979.0
2026-08-07,6114,tpex,27.45,1106.0
2026-08-07,6115,twse,45.3,29.0
2026-08-07,6116,twse,13.55,33772.0
2026-08-07,6117,twse,65.9,2365.0
2026-08-07,6118,tpex,15.6,2167.0
2026-08-07,6120,twse,13.45,7534.0
2026-08-07,6121,tpex,373.0,462.0
2026-08-07,6122,tpex,47.05,1185.0
2026-08-07,6123,tpex,42.25,276.0
2026-08-07,6124,tpex,26.85,347.0
2026-08-07,6125,tpex,49.4,6782.0
2026-08-07,6126,tpex,31.75,2795.0
2026-08-07,6127,tpex,48.1,4142.0
2026-08-07,6128,twse,20.0,1386.0
2026-08-07,6129,tpex,14.5,57.0
2026-08-07,6130,tpex,24.1,3916.0
2026-08-07,6133,twse,21.3,2967.0
2026-08-07,6134,tpex,27.1,4315.0
2026-08-07,6136,twse,24.4,2817.0
2026-08-07,6138,tpex,276.0,1493.0
2026-08-07,6139,twse,802.0,8304.0
2026-08-07,6140,tpex,17.05,827.0
2026-08-07,6141,twse,34.1,35.0
2026-08-07,6142,twse,9.52,0.0
2026-08-07,6143,tpex,92.6,3889.0
2026-08-07,6144,tpex,13.2,0.0
2026-08-07,6146,tpex,188.0,678.0
2026-08-07,6147,tpex,146.5,32523.0
2026-08-07,6148,tpex,28.05,2489.0
2026-08-07,6150,tpex,57.6,2466.0
2026-08-07,6151,tpex,35.0,1493.0
2026-08-07,6152,twse,13.05,0.0
2026-08-07,6153,twse,16.4,13647.0
2026-08-07,6154,tpex,13.65,417.0
2026-08-07,6155,twse,53.3,2721.0
2026-08-07,6156,tpex,20.6,4871.0
2026-08-07,6158,tpex,16.5,1474.0
2026-08-07,6160,tpex,14.05,436.0
2026-08-07,6161,tpex,55.7,850.0
2026-08-07,6163,tpex,40.65,16701.0
2026-08-07,6164,twse,11.75,3827.0
2026-08-07,6165,twse,50.6,13219.0
2026-08-07,6166,twse,141.0,3745.0
2026-08-07,6167,tpex,10.4,2973.0
2026-08-07,6168,twse,24.2,4149.0
2026-08-07,6169,tpex,12.8,43.0
2026-08-07,6170,tpex,46.8,2024.0
2026-08-07,6171,tpex,23.8,269.0
2026-08-07,6173,tpex,158.0,7776.0
2026-08-07,6174,tpex,40.0,1124.0
2026-08-07,6175,tpex,74.9,3680.0
2026-08-07,6176,twse,83.4,6344.0
2026-08-07,6177,twse,48.8,2582.0
2026-08-07,6179,tpex,27.05,18951.0
2026-08-07,6180,tpex,41.35,2330.0
2026-08-07,6182,tpex,101.0,56031.0
2026-08-07,6183,twse,91.8,9.0
2026-08-07,6184,twse,42.1,454.0
2026-08-07,6185,tpex,13.65,1158.0
2026-08-07,6186,tpex,36.05,1056.0
2026-08-07,6187,tpex,1130.0,3340.0
2026-08-07,6188,tpex,71.1,7599.0
2026-08-07,6189,twse,48.6,2333.0
2026-08-07,6190,tpex,65.8,7707.0
2026-08-07,6191,twse,83.5,19083.0
2026-08-07,6192,twse,115.5,719.0
2026-08-07,6194,tpex,29.7,1728.0
2026-08-07,6195,tpex,27.15,25.0
2026-08-07,6196,twse,493.5,1575.0
2026-08-07,6197,twse,293.5,5514.0
2026-08-07,6198,tpex,19.6,0.0
2026-08-07,6199,tpex,96.0,6249.0
2026-08-07,6201,twse,45.5,38.0
2026-08-07,6202,twse,59.9,4775.0
2026-08-07,6203,tpex,61.0,572.0
2026-08-07,6204,tpex,78.9,682.0
2026-08-07,6205,twse,59.9,3713.0
2026-08-07,6206,twse,144.0,2563.0
2026-08-07,6207,tpex,99.9,4644.0
2026-08-07,6208,tpex,81.5,1635.0
2026-08-07,6209,twse,74.3,12512.0
2026-08-07,6210,tpex,17.1,34.0
2026-08-07,6212,tpex,29.35,10.0
2026-08-07,6213,twse,389.0,21146.0
2026-08-07,6214,twse,146.5,2085.0
2026-08-07,6215,twse,99.0,5207.0
2026-08-07,6216,twse,21.9,676.0
2026-08-07,6217,tpex,165.0,13494.0
2026-08-07,6218,tpex,34.3,1880.0
2026-08-07,6219,tpex,12.55,7423.0
2026-08-07,6220,tpex,26.0,2415.0
2026-08-07,6221,tpex,20.7,7537.0
2026-08-07,6222,tpex,21.0,32.0
2026-08-07,6223,tpex,6100.0,860.0
2026-08-07,6224,twse,55.0,1723.0
2026-08-07,6225,twse,25.95,0.0
2026-08-07,6226,twse,22.05,2640.0
2026-08-07,6227,tpex,123.0,1557.0
2026-08-07,6228,tpex,18.3,63.0
2026-08-07,6229,tpex,23.35,1218.0
2026-08-07,6230,twse,109.0,468.0
2026-08-07,6231,tpex,228.0,2404.0
2026-08-07,6233,tpex,20.75,2758.0
2026-08-07,6234,tpex,34.05,2930.0
2026-08-07,6235,twse,39.3,4371.0
2026-08-07,6237,tpex,33.45,3412.0
2026-08-07,6239,twse,262.5,23561.0
2026-08-07,6240,tpex,18.85,504.0
2026-08-07,6241,tpex,15.85,0.0
2026-08-07,6243,twse,47.9,2201.0
2026-08-07,6244,tpex,23.1,11512.0
2026-08-07,6245,tpex,84.4,2400.0
2026-08-07,6246,tpex,12.3,572.0
2026-08-07,6248,tpex,17.55,635.0
2026-08-07,6257,twse,199.5,10494.0
2026-08-07,6259,tpex,29.0,858.0
2026-08-07,6261,tpex,78.4,3847.0
2026-08-07,6263,tpex,154.0,478.0
2026-08-07,6264,tpex,6.06,0.0
2026-08-07,6265,tpex,55.4,6887.0
2026-08-07,6266,tpex,24.5,1148.0
2026-08-07,6269,twse,66.6,9816.0
2026-08-07,6270,tpex,29.55,2130.0
2026-08-07,6271,twse,193.5,7538.0
2026-08-07,6272,twse,24.25,48.0
2026-08-07,6274,tpex,1440.0,9550.0
2026-08-07,6275,tpex,44.2,1852.0
2026-08-07,6276,tpex,20.4,276.0
2026-08-07,6277,twse,79.2,297.0
2026-08-07,6278,twse,156.0,9007.0
2026-08-07,6279,tpex,126.5,2964.0
2026-08-07,6281,twse,51.3,22.0
2026-08-07,6282,twse,47.15,23918.0
2026-08-07,6283,twse,20.25,2259.0
2026-08-07,6284,tpex,73.3,5160.0
2026-08-07,6285,twse,233.0,14674.0
2026-08-07,6290,tpex,202.0,11516.0
2026-08-07,6291,tpex,372.5,1298.0
2026-08-07,6292,tpex,58.6,320.0
2026-08-07,6294,tpex,26.85,101.0
2026-08-07,6405,twse,38.35,5274.0
2026-08-07,6409,twse,1015.0,999.0
2026-08-07,6411,tpex,76.6,2040.0
2026-08-07,6412,twse,78.2,2948.0
2026-08-07,6414,twse,474.0,2052.0
2026-08-07,6415,twse,441.5,4328.0
2026-08-07,6416,twse,103.0,3911.0
2026-08-07,6417,tpex,118.5,2682.0
2026-08-07,6418,tpex,32.05,903.0
2026-08-07,6419,tpex,140.0,397.0
2026-08-07,6423,tpex,76.1,677.0
2026-08-07,6425,tpex,55.2,2015.0
2026-08-07,6426,twse,205.5,2898.0
2026-08-07,6431,twse,18.95,0.0
2026-08-07,6432,tpex,70.9,2052.0
2026-08-07,6435,tpex,251.5,995.0
2026-08-07,6438,twse,145.0,3748.0
2026-08-07,6441,tpex,23.45,773.0
2026-08-07,6442,twse,1325.0,4654.0
2026-08-07,6443,twse,26.0,7649.0
2026-08-07,6446,twse,1240.0,8601.0
2026-08-07,6449,twse,225.5,2245.0
2026-08-07,6451,twse,421.0,8475.0
2026-08-07,6456,twse,61.5,10839.0
2026-08-07,6461,tpex,16.5,0.0
2026-08-07,6462,tpex,99.6,3995.0
2026-08-07,6464,twse,78.0,2.0
2026-08-07,6465,tpex,47.6,1493.0
2026-08-07,6469,tpex,70.1,748.0
2026-08-07,6470,tpex,43.0,165.0
2026-08-07,6472,twse,417.5,3528.0
2026-08-07,6474,tpex,37.55,96.0
2026-08-07,6477,twse,34.05,3491.0
2026-08-07,6482,tpex,27.8,83.0
2026-08-07,6485,tpex,61.5,2390.0
2026-08-07,6486,tpex,74.5,182.0
2026-08-07,6488,tpex,872.0,10491.0
2026-08-07,6491,twse,373.0,496.0
2026-08-07,6492,tpex,37.7,111.0
2026-08-07,6494,tpex,53.2,821.0
2026-08-07,6496,tpex,24.35,55.0
2026-08-07,6498,tpex,74.5,519.0
2026-08-07,6499,tpex,57.5,5502.0
2026-08-07,6504,twse,38.7,116.0
2026-08-07,6505,twse,71.0,12950.0
2026-08-07,6506,tpex,16.65,253.0
2026-08-07,6508,tpex,26.7,220.0
2026-08-07,6509,tpex,47.5,3071.0
2026-08-07,6510,tpex,2695.0,686.0
2026-08-07,6515,twse,6760.0,442.0
2026-08-07,6516,tpex,61.1,847.0
2026-08-07,6517,tpex,61.0,1981.0
2026-08-07,6523,tpex,90.4,72.0
2026-08-07,6525,twse,135.5,2319.0
2026-08-07,6526,twse,625.0,1302.0
2026-08-07,6527,tpex,76.4,3.0
2026-08-07,6530,tpex,75.0,2326.0
2026-08-07,6531,twse,951.0,6791.0
2026-08-07,6532,tpex,82.1,2705.0
2026-08-07,6533,twse,256.0,2108.0
2026-08-07,6534,twse,95.3,1754.0
2026-08-07,6535,tpex,91.1,0.0
2026-08-07,6538,tpex,145.0,7380.0
2026-08-07,6541,twse,38.05,3727.0
2026-08-07,6542,tpex,47.3,223.0
2026-08-07,6546,tpex,60.3,2568.0
2026-08-07,6547,tpex,51.6,11768.0
2026-08-07,6548,tpex,72.4,6659.0
2026-08-07,6550,twse,11.1,0.0
2026-08-07,6552,twse,24.4,1072.0
2026-08-07,6556,tpex,68.5,0.0
2026-08-07,6558,twse,25.8,2647.0
2026-08-07,6560,tpex,32.25,435.0
2026-08-07,6561,tpex,328.5,149.0
2026-08-07,6568,tpex,137.5,802.0
2026-08-07,6569,tpex,97.8,315.0
2026-08-07,6570,tpex,57.8,625.0
2026-08-07,6573,twse,17.2,0.0
2026-08-07,6574,tpex,140.0,0.0
2026-08-07,6576,tpex,79.5,0.0
2026-08-07,6577,tpex,78.7,204.0
2026-08-07,6578,tpex,18.7,1722.0
2026-08-07,6579,twse,171.5,1242.0
2026-08-07,6581,twse,108.0,5.0
2026-08-07,6582,twse,31.8,333.0
2026-08-07,6584,tpex,550.0,1548.0
2026-08-07,6585,twse,115.5,2263.0
2026-08-07,6588,tpex,89.8,2340.0
2026-08-07,6589,twse,48.2,2912.0
2026-08-07,6590,tpex,63.1,0.0
2026-08-07,6591,twse,44.7,1726.0
2026-08-07,6592,twse,60.7,689.0
2026-08-07,6593,tpex,32.25,1582.0
2026-08-07,6596,tpex,89.8,622.0
2026-08-07,6597,tpex,65.7,0.0
2026-08-07,6598,twse,28.8,0.0
2026-08-07,6603,tpex,26.0,8547.0
2026-08-07,6605,twse,141.0,2417.0
2026-08-07,6606,twse,25.9,574.0
2026-08-07,6609,tpex,38.7,1670.0
2026-08-07,6612,tpex,73.8,512.0
2026-08-07,6613,tpex,276.0,801.0
2026-08-07,6614,twse,36.25,71.0
2026-08-07,6615,tpex,34.05,7.0
2026-08-07,6616,tpex,8.71,1015.0
2026-08-07,6617,tpex,96.3,665.0
2026-08-07,6620,tpex,84.5,1782.0
2026-08-07,6624,tpex,43.95,160.0
2026-08-07,6625,twse,78.3,891.0
2026-08-07,6629,tpex,107.0,1226.0
2026-08-07,6637,tpex,62.2,86.0
2026-08-07,6640,tpex,918.0,624.0
2026-08-07,6641,twse,18.0,101.0
2026-08-07,6642,tpex,80.7,1234.0
2026-08-07,6643,tpex,437.0,1976.0
2026-08-07,6645,twse,13.6,11.0
2026-08-07,6649,tpex,36.2,1235.0
2026-08-07,6651,tpex,132.5,1411.0
2026-08-07,6654,tpex,179.0,3359.0
2026-08-07,6655,twse,117.0,0.0
2026-08-07,6657,twse,31.2,1292.0
2026-08-07,6658,twse,153.0,1469.0
2026-08-07,6661,tpex,17.6,0.0
2026-08-07,6662,tpex,28.4,0.0
2026-08-07,6664,tpex,332.0,1458.0
2026-08-07,6666,twse,42.5,287.0
2026-08-07,6667,tpex,230.0,1202.0
2026-08-07,6668,twse,34.4,2835.0
2026-08-07,6669,twse,6100.0,1366.0
2026-08-07,6670,twse,268.0,384.0
2026-08-07,6671,twse,22.75,84.0
2026-08-07,6672,twse,229.0,5876.0
2026-08-07,6674,twse,15.25,243.0
2026-08-07,6679,tpex,209.5,1058.0
2026-08-07,6683,tpex,1120.0,1845.0
2026-08-07,6684,tpex,47.3,1647.0
2026-08-07,6689,twse,61.6,1243.0
2026-08-07,6690,tpex,164.5,88.0
2026-08-07,6691,twse,735.0,1460.0
2026-08-07,6692,tpex,23.0,401.0
2026-08-07,6693,tpex,185.5,3687.0
2026-08-07,6695,twse,49.8,3564.0
2026-08-07,6697,tpex,40.0,59.0
2026-08-07,6698,twse,34.15,1962.0
2026-08-07,6703,tpex,107.0,35.0
2026-08-07,6706,twse,109.0,7712.0
2026-08-07,6708,tpex,0.0,19.0
2026-08-07,6712,tpex,154.5,1415.0
2026-08-07,6715,twse,333.5,6952.0
2026-08-07,6716,tpex,95.7,1062.0
2026-08-07,6719,twse,213.5,3599.0
2026-08-07,6720,tpex,137.5,1658.0
2026-08-07,6721,tpex,52.0,0.0
2026-08-07,6722,twse,32.85,74.0
2026-08-07,6725,tpex,245.5,263.0
2026-08-07,6727,tpex,383.0,4021.0
2026-08-07,6728,tpex,105.5,116.0
2026-08-07,6730,tpex,34.45,3.0
2026-08-07,6732,tpex,158.0,672.0
2026-08-07,6733,tpex,27.1,0.0
2026-08-07,6735,tpex,65.7,636.0
2026-08-07,6739,tpex,1005.0,850.0
2026-08-07,6741,tpex,55.5,1232.0
2026-08-07,6742,twse,43.15,1936.0
2026-08-07,6743,twse,24.95,514.0
2026-08-07,6751,tpex,41.85,84.0
2026-08-07,6752,tpex,99.5,427.0
2026-08-07,6753,twse,135.0,5567.0
2026-08-07,6754,twse,42.45,127.0
2026-08-07,6756,twse,99.5,584.0
2026-08-07,6757,twse,57.4,3525.0
2026-08-07,6761,tpex,153.0,2967.0
2026-08-07,6762,tpex,169.0,0.0
2026-08-07,6763,tpex,43.65,1936.0
2026-08-07,6767,tpex,24.7,0.0
2026-08-07,6768,twse,66.8,1249.0
2026-08-07,6770,twse,65.5,142371.0
2026-08-07,6771,twse,38.05,108.0
2026-08-07,6776,twse,53.8,681.0
2026-08-07,6781,twse,1145.0,2242.0
2026-08-07,6782,twse,218.0,412.0
2026-08-07,6785,tpex,98.6,865.0
2026-08-07,6788,tpex,340.0,2594.0
2026-08-07,6789,twse,417.0,4849.0
2026-08-07,6790,twse,38.35,585.0
2026-08-07,6791,tpex,104.5,149.0
2026-08-07,6792,twse,56.5,268.0
2026-08-07,6794,twse,74.4,263.0
2026-08-07,6796,twse,56.3,593.0
2026-08-07,6799,twse,86.3,2060.0
2026-08-07,6803,tpex,270.0,23.0
2026-08-07,6804,tpex,18.8,286.0
2026-08-07,6805,twse,1670.0,2773.0
2026-08-07,6807,twse,37.35,151.0
2026-08-07,6811,tpex,230.5,599.0
2026-08-07,6821,tpex,40.85,1105.0
2026-08-07,6823,tpex,65.4,835.0
2026-08-07,6829,tpex,191.5,871.0
2026-08-07,6830,twse,398.0,3863.0
2026-08-07,6831,twse,637.0,675.0
2026-08-07,6834,twse,87.9,3453.0
2026-08-07,6835,twse,30.9,792.0
2026-08-07,6838,twse,23.2,2562.0
2026-08-07,6840,tpex,66.6,493.0
2026-08-07,6841,tpex,56.2,1615.0
2026-08-07,6843,tpex,0.0,112.0
2026-08-07,6844,tpex,60.5,0.0
2026-08-07,6846,tpex,61.0,0.0
2026-08-07,6854,twse,96.8,2419.0
2026-08-07,6855,tpex,115.0,0.0
2026-08-07,6859,tpex,99.2,627.0
2026-08-07,6861,twse,207.0,1704.0
2026-08-07,6862,twse,146.0,928.0
2026-08-07,6863,twse,130.5,1004.0
2026-08-07,6865,tpex,24.7,81.0
2026-08-07,6869,twse,68.0,2807.0
2026-08-07,6870,tpex,256.0,1271.0
2026-08-07,6872,tpex,15.3,0.0
2026-08-07,6873,twse,77.7,3501.0
2026-08-07,6874,tpex,77.6,234.0
2026-08-07,6875,tpex,32.6,0.0
2026-08-07,6877,tpex,122.0,8024.0
2026-08-07,6881,tpex,200.5,0.0
2026-08-07,6884,tpex,31.8,0.0
2026-08-07,6885,twse,21.1,2340.0
2026-08-07,6887,twse,36.9,963.0
2026-08-07,6890,twse,173.0,796.0
2026-08-07,6894,tpex,347.0,479.0
2026-08-07,6895,tpex,115.0,925.0
2026-08-07,6899,tpex,50.8,208.0
2026-08-07,6901,twse,17.95,6746.0
2026-08-07,6902,twse,120.5,603.0
2026-08-07,6903,tpex,322.0,1460.0
2026-08-07,6906,twse,71.2,501.0
2026-08-07,6907,tpex,189.0,602.0
2026-08-07,6908,twse,32.3,0.0
2026-08-07,6909,twse,40.7,1435.0
2026-08-07,6910,tpex,24.7,21.0
2026-08-07,6913,tpex,146.0,1286.0
2026-08-07,6914,twse,147.5,360.0
2026-08-07,6916,twse,18.2,387.0
2026-08-07,6918,twse,70.5,86.0
2026-08-07,6919,twse,105.0,0.0
2026-08-07,6921,twse,64.7,0.0
2026-08-07,6922,tpex,185.5,315.0
2026-08-07,6923,twse,75.6,1744.0
2026-08-07,6924,twse,110.0,0.0
2026-08-07,6925,tpex,53.2,251.0
2026-08-07,6928,twse,47.75,788.0
2026-08-07,6929,tpex,23.95,0.0
2026-08-07,6931,twse,37.95,103.0
2026-08-07,6933,twse,164.5,954.0
2026-08-07,6934,twse,72.3,0.0
2026-08-07,6936,twse,31.9,242.0
2026-08-07,6937,twse,246.0,1486.0
2026-08-07,6944,twse,771.0,852.0
2026-08-07,6945,tpex,99.6,0.0
2026-08-07,6947,twse,80.6,0.0
2026-08-07,6949,twse,943.0,5301.0
2026-08-07,6951,twse,70.8,77.0
2026-08-07,6952,twse,38.35,58.0
2026-08-07,6953,tpex,215.5,236.0
2026-08-07,6955,twse,122.0,0.0
2026-08-07,6957,twse,208.0,1680.0
2026-08-07,6958,twse,18.35,138.0
2026-08-07,6961,tpex,51.3,5.0
2026-08-07,6962,twse,31.05,8403.0
2026-08-07,6965,twse,77.3,42.0
2026-08-07,6967,tpex,68.1,355.0
2026-08-07,6968,tpex,45.8,280.0
2026-08-07,6969,twse,35.5,0.0
2026-08-07,6971,tpex,25.5,76.0
2026-08-07,6982,tpex,48.7,312.0
2026-08-07,6983,tpex,298.5,0.0
2026-08-07,6986,tpex,44.1,0.0
2026-08-07,6988,twse,12.65,0.0
2026-08-07,6994,twse,36.1,2981.0
2026-08-07,6996,tpex,185.0,379.0
2026-08-07,6997,tpex,70.9,0.0
2026-08-07,7402,tpex,103.5,2155.0
2026-08-07,7547,tpex,54.3,304.0
2026-08-07,7556,tpex,223.0,540.0
2026-08-07,7584,tpex,25.35,28.0
2026-08-07,7610,twse,1850.0,0.0
2026-08-07,7631,twse,131.5,81.0
2026-08-07,7642,tpex,80.1,83.0
2026-08-07,7689,twse,164.0,0.0
2026-08-07,7703,tpex,178.0,484.0
2026-08-07,7704,tpex,65.4,652.0
2026-08-07,7705,twse,30.9,97.0
2026-08-07,7708,tpex,93.4,0.0
2026-08-07,7709,tpex,71.3,296.0
2026-08-07,7711,twse,375.0,778.0
2026-08-07,7712,tpex,141.0,1117.0
2026-08-07,7713,tpex,68.9,0.0
2026-08-07,7714,tpex,153.0,683.0
2026-08-07,7715,tpex,35.15,532.0
2026-08-07,7716,tpex,23.95,0.0
2026-08-07,7717,tpex,419.0,371.0
2026-08-07,7718,tpex,47.25,105.0
2026-08-07,7721,twse,62.0,1144.0
2026-08-07,7722,twse,301.5,573.0
2026-08-07,7723,tpex,20.35,171.0
2026-08-07,7728,tpex,598.0,594.0
2026-08-07,7730,twse,153.0,512.0
2026-08-07,7732,twse,35.35,79.0
2026-08-07,7734,tpex,3375.0,627.0
2026-08-07,7736,twse,69.9,68.0
2026-08-07,7738,tpex,166.5,92.0
2026-08-07,7740,twse,161.0,1834.0
2026-08-07,7743,tpex,21.2,0.0
2026-08-07,7744,tpex,470.0,105.0
2026-08-07,7749,twse,344.0,1051.0
2026-08-07,7750,twse,2330.0,593.0
2026-08-07,7751,tpex,1385.0,0.0
2026-08-07,7753,tpex,37.6,83.0
2026-08-07,7757,tpex,89.5,12.0
2026-08-07,7760,twse,33.1,0.0
2026-08-07,7765,twse,226.5,454.0
2026-08-07,7767,tpex,46.8,0.0
2026-08-07,7768,twse,257.0,0.0
2026-08-07,7769,twse,6320.0,334.0
2026-08-07,7770,tpex,39.95,0.0
2026-08-07,7772,tpex,91.0,0.0
2026-08-07,7777,tpex,40.35,2046.0
2026-08-07,7780,twse,16.75,308.0
2026-08-07,7782,tpex,0.0,44.0
2026-08-07,7786,twse,127.0,192.0
2026-08-07,7788,twse,235.0,2112.0
2026-08-07,7791,twse,59.6,19.0
2026-08-07,7792,tpex,207.0,29.0
2026-08-07,7794,tpex,29.3,0.0
2026-08-07,7795,twse,428.5,886.0
2026-08-07,7799,twse,355.0,1223.0
2026-08-07,7803,twse,19.8,0.0
2026-08-07,7805,tpex,644.0,28.0
2026-08-07,7810,tpex,200.5,41.0
2026-08-07,7811,tpex,71.1,0.0
2026-08-07,7814,tpex,30.15,0.0
2026-08-07,7818,twse,61.6,0.0
2026-08-07,7819,tpex,34.8,0.0
2026-08-07,7820,tpex,110.0,0.0
2026-08-07,7821,twse,40.6,0.0
2026-08-07,7822,twse,850.0,0.0
2026-08-07,7823,twse,85.1,0.0
2026-08-07,7827,twse,156.0,0.0
2026-08-07,7828,tpex,1710.0,0.0
2026-08-07,7835,twse,27.3,0.0
2026-08-07,7839,tpex,45.0,0.0
2026-08-07,7842,tpex,83.3,0.0
2026-08-07,8011,twse,16.3,3383.0
2026-08-07,8016,twse,310.5,1447.0
2026-08-07,8021,twse,395.0,11256.0
2026-08-07,8024,tpex,14.4,47.0
2026-08-07,8027,tpex,172.0,7280.0
2026-08-07,8028,twse,254.0,5129.0
2026-08-07,8032,tpex,36.1,690.0
2026-08-07,8033,twse,185.0,5914.0
2026-08-07,8034,tpex,19.1,3584.0
2026-08-07,8038,tpex,32.1,0.0
2026-08-07,8039,twse,237.5,20910.0
2026-08-07,8040,tpex,73.0,3223.0
2026-08-07,8042,tpex,116.5,3901.0
2026-08-07,8043,tpex,126.0,3987.0
2026-08-07,8044,tpex,28.0,3469.0
2026-08-07,8045,twse,53.5,4951.0
2026-08-07,8046,twse,1080.0,9929.0
2026-08-07,8047,tpex,48.5,2.0
2026-08-07,8048,tpex,52.2,2948.0
2026-08-07,8049,tpex,26.4,264.0
2026-08-07,8050,tpex,69.0,6677.0
2026-08-07,8054,tpex,82.8,6774.0
2026-08-07,8059,tpex,15.1,0.0
2026-08-07,8064,tpex,103.0,6043.0
2026-08-07,8066,tpex,0.0,549.0
2026-08-07,8067,tpex,13.35,0.0
2026-08-07,8068,tpex,17.9,2059.0
2026-08-07,8069,tpex,196.0,9467.0
2026-08-07,8070,twse,47.35,5889.0
2026-08-07,8071,tpex,23.15,2050.0
2026-08-07,8072,twse,26.1,1764.0
2026-08-07,8074,tpex,53.4,3493.0
2026-08-07,8076,tpex,23.15,9288.0
2026-08-07,8080,tpex,27.5,0.0
2026-08-07,8081,twse,256.0,1787.0
2026-08-07,8083,tpex,158.5,15.0
2026-08-07,8084,tpex,44.4,0.0
2026-08-07,8085,tpex,11.3,694.0
2026-08-07,8086,tpex,111.5,9301.0
2026-08-07,8087,tpex,29.5,99.0
2026-08-07,8088,tpex,47.1,3679.0
2026-08-07,8089,tpex,18.15,1749.0
2026-08-07,8091,tpex,225.0,2167.0
2026-08-07,8092,tpex,13.15,0.0
2026-08-07,8093,tpex,21.0,0.0
2026-08-07,8096,tpex,131.5,28634.0
2026-08-07,8097,tpex,51.8,8713.0
2026-08-07,8099,tpex,58.1,12659.0
2026-08-07,8101,twse,0.0,0.0
2026-08-07,8102,tpex,68.3,19.0
2026-08-07,8103,twse,78.7,3376.0
2026-08-07,8104,twse,30.9,3404.0
2026-08-07,8105,twse,16.4,8378.0
2026-08-07,8107,tpex,11.65,1809.0
2026-08-07,8109,tpex,132.5,540.0
2026-08-07,8110,twse,45.3,14707.0
2026-08-07,8111,tpex,59.4,10880.0
2026-08-07,8112,twse,91.2,16405.0
2026-08-07,8114,twse,225.5,1533.0
2026-08-07,8121,tpex,28.35,0.0
2026-08-07,8131,twse,62.7,4699.0
2026-08-07,8147,tpex,125.5,1185.0
2026-08-07,8150,twse,86.3,17245.0
2026-08-07,8155,tpex,295.5,2830.0
2026-08-07,8162,twse,52.8,1621.0
2026-08-07,8163,twse,31.15,2376.0
2026-08-07,8171,tpex,19.5,8130.0
2026-08-07,8176,tpex,9.78,0.0
2026-08-07,8182,tpex,38.55,1685.0
2026-08-07,8183,tpex,28.9,2614.0
2026-08-07,8201,twse,11.9,0.0
2026-08-07,8210,twse,1115.0,2577.0
2026-08-07,8213,twse,30.3,3699.0
2026-08-07,8215,twse,24.5,3119.0
2026-08-07,8222,twse,37.65,3287.0
2026-08-07,8227,tpex,145.0,1936.0
2026-08-07,8234,tpex,70.0,4437.0
2026-08-07,8240,tpex,42.35,1809.0
2026-08-07,8249,twse,41.3,3796.0
2026-08-07,8255,tpex,141.0,2324.0
2026-08-07,8261,twse,172.0,6454.0
2026-08-07,8271,twse,235.5,6186.0
2026-08-07,8272,tpex,64.4,0.0
2026-08-07,8277,tpex,8.1,0.0
2026-08-07,8279,tpex,89.0,129.0
2026-08-07,8284,tpex,62.2,9.0
2026-08-07,8289,tpex,41.9,3168.0
2026-08-07,8291,tpex,41.0,0.0
2026-08-07,8299,tpex,2020.0,11143.0
2026-08-07,8341,twse,76.0,370.0
2026-08-07,8342,tpex,0.0,0.0
2026-08-07,8349,tpex,39.7,1990.0
2026-08-07,8354,tpex,15.15,1840.0
2026-08-07,8358,tpex,352.0,20968.0
2026-08-07,8367,twse,40.05,12.0
2026-08-07,8374,twse,80.9,1537.0
2026-08-07,8383,tpex,70.0,2445.0
2026-08-07,8390,tpex,97.0,2186.0
2026-08-07,8401,tpex,22.75,278.0
2026-08-07,8403,tpex,18.85,528.0
2026-08-07,8404,twse,16.2,3756.0
2026-08-07,8409,tpex,18.35,0.0
2026-08-07,8410,tpex,31.6,927.0
2026-08-07,8411,twse,12.8,19.0
2026-08-07,8415,tpex,38.05,1455.0
2026-08-07,8416,tpex,169.5,0.0
2026-08-07,8421,tpex,15.3,893.0
2026-08-07,8422,twse,26.3,24566.0
2026-08-07,8423,tpex,18.0,460.0
2026-08-07,8424,tpex,69.2,3.0
2026-08-07,8426,tpex,21.4,859.0
2026-08-07,8429,twse,6.05,14368.0
2026-08-07,8431,tpex,48.05,2691.0
2026-08-07,8432,tpex,50.8,108.0
2026-08-07,8433,tpex,54.9,182.0
2026-08-07,8435,tpex,54.0,133.0
2026-08-07,8436,tpex,117.0,1130.0
2026-08-07,8437,tpex,9.1,477.0
2026-08-07,8438,twse,65.0,3425.0
2026-08-07,8440,tpex,19.55,1213.0
2026-08-07,8442,twse,44.3,711.0
2026-08-07,8443,twse,11.4,28.0
2026-08-07,8444,tpex,5.35,1.0
2026-08-07,8446,tpex,85.1,244.0
2026-08-07,8450,tpex,15.1,47.0
2026-08-07,8454,twse,283.5,1449.0
2026-08-07,8455,tpex,24.0,0.0
2026-08-07,8462,twse,168.5,1123.0
2026-08-07,8463,twse,20.8,122.0
2026-08-07,8464,twse,381.0,46.0
2026-08-07,8466,twse,16.65,1297.0
2026-08-07,8467,twse,96.5,233.0
2026-08-07,8472,tpex,68.9,288.0
2026-08-07,8473,twse,40.9,2890.0
2026-08-07,8476,twse,20.5,18394.0
2026-08-07,8477,tpex,15.65,0.0
2026-08-07,8478,twse,151.5,1023.0
2026-08-07,8481,twse,40.5,5.0
2026-08-07,8482,twse,48.8,161.0
2026-08-07,8487,twse,72.9,39.0
2026-08-07,8488,twse,10.05,19.0
2026-08-07,8489,tpex,22.9,2855.0
2026-08-07,8499,twse,258.0,579.0
2026-08-07,8905,tpex,34.75,17.0
2026-08-07,8906,tpex,26.55,122.0
2026-08-07,8908,tpex,39.5,83.0
2026-08-07,8916,tpex,42.9,173.0
2026-08-07,8917,tpex,0.0,13.0
2026-08-07,8921,tpex,17.3,0.0
2026-08-07,8923,tpex,18.8,442.0
2026-08-07,8924,tpex,51.5,670.0
2026-08-07,8926,twse,62.0,7550.0
2026-08-07,8927,tpex,21.05,2346.0
2026-08-07,8928,tpex,22.85,580.0
2026-08-07,8929,tpex,13.3,125.0
2026-08-07,8930,tpex,30.9,706.0
2026-08-07,8931,tpex,40.75,5411.0
2026-08-07,8932,tpex,98.0,61521.0
2026-08-07,8933,tpex,4.49,0.0
2026-08-07,8935,tpex,17.5,0.0
2026-08-07,8936,tpex,52.7,9587.0
2026-08-07,8937,tpex,23.8,19441.0
2026-08-07,8938,tpex,52.9,665.0
2026-08-07,8940,twse,15.35,95.0
2026-08-07,8941,tpex,43.4,19.0
2026-08-07,8942,tpex,38.6,714.0
2026-08-07,8996,twse,1045.0,4687.0
2026-08-07,9103,twse,5.28,3443.0
2026-08-07,9105,twse,8.08,45594.0
2026-08-07,9110,twse,3.07,0.0
2026-08-07,9136,twse,11.35,12545.0
2026-08-07,9802,twse,70.1,2089.0
2026-08-07,9902,twse,13.65,3152.0
2026-08-07,9904,twse,23.9,26932.0
2026-08-07,9905,twse,20.95,25.0
2026-08-07,9906,twse,39.0,427.0
2026-08-07,9907,twse,14.6,4259.0
2026-08-07,9908,twse,29.15,126.0
2026-08-07,9910,twse,69.5,2147.0
2026-08-07,9911,twse,82.6,432.0
2026-08-07,9912,twse,12.4,0.0
2026-08-07,9914,twse,80.8,2550.0
2026-08-07,9917,twse,108.0,78.0
2026-08-07,9918,twse,42.45,94.0
2026-08-07,9919,twse,14.05,8298.0
2026-08-07,9921,twse,92.4,1722.0
2026-08-07,9924,twse,39.05,731.0
2026-08-07,9925,twse,40.05,2.0
2026-08-07,9926,twse,49.3,9.0
2026-08-07,9927,twse,69.4,65.0
2026-08-07,9928,twse,18.2,467.0
2026-08-07,9929,twse,11.45,0.0
2026-08-07,9930,twse,62.3,20.0
2026-08-07,9931,twse,33.7,67.0
2026-08-07,9933,twse,37.75,4040.0
2026-08-07,9934,twse,10.95,5880.0
2026-08-07,9935,twse,20.1,1371.0
2026-08-07,9937,twse,55.1,132.0
2026-08-07,9938,twse,42.1,3162.0
2026-08-07,9939,twse,144.5,1121.0
2026-08-07,9940,twse,20.8,1246.0
2026-08-07,9941,twse,84.3,965.0
2026-08-07,9942,twse,115.5,23.0
2026-08-07,9943,twse,51.4,85.0
2026-08-07,9944,twse,17.6,5525.0
2026-08-07,9945,twse,26.75,19851.0
2026-08-07,9946,twse,17.95,1098.0
2026-08-07,9949,tpex,23.55,5930.0
2026-08-07,9950,tpex,10.45,0.0
2026-08-07,9951,tpex,53.0,208.0
2026-08-07,9955,twse,23.9,1086.0
2026-08-07,9958,twse,113.5,7935.0
2026-08-07,9960,tpex,30.5,772.0
2026-08-07,9962,tpex,9.98,283.0
2026-08-07,TAIEX,index,44225.91,0
2026-08-10,0050,twse,104.25,23533.0
2026-08-10,0051,twse,142.6,2.0
2026-08-10,0052,twse,60.95,12539.0
2026-08-10,0053,twse,237.0,18.0
2026-08-10,0055,twse,44.05,64.0
2026-08-10,0056,twse,52.45,6905.0
2026-08-10,0057,twse,311.15,0.0
2026-08-10,0061,twse,24.98,13.0
2026-08-10,1101,twse,24.55,31549.0
2026-08-10,1102,twse,32.95,1524.0
2026-08-10,1103,twse,13.2,4289.0
2026-08-10,1104,twse,26.65,1698.0
2026-08-10,1108,twse,12.1,385.0
2026-08-10,1109,twse,13.55,268.0
2026-08-10,1110,twse,16.3,2516.0
2026-08-10,1201,twse,12.15,1411.0
2026-08-10,1203,twse,46.15,22.0
2026-08-10,1210,twse,53.2,695.0
2026-08-10,1213,twse,7.72,0.0
2026-08-10,1215,twse,109.0,417.0
2026-08-10,1216,twse,75.5,1015.0
2026-08-10,1217,twse,9.84,1611.0
2026-08-10,1218,twse,15.8,1500.0
2026-08-10,1219,twse,10.8,217.0
2026-08-10,1220,twse,11.15,861.0
2026-08-10,1225,twse,25.0,6783.0
2026-08-10,1227,twse,29.2,1013.0
2026-08-10,1229,twse,40.7,2979.0
2026-08-10,1231,twse,80.3,266.0
2026-08-10,1232,twse,156.0,193.0
2026-08-10,1233,twse,28.3,21.0
2026-08-10,1234,twse,33.45,10.0
2026-08-10,1235,twse,36.55,1157.0
2026-08-10,1236,twse,25.55,172.0
2026-08-10,1240,tpex,54.9,19.0
2026-08-10,1256,twse,178.0,310.0
2026-08-10,1259,tpex,60.9,43.0
2026-08-10,1264,tpex,258.0,2.0
2026-08-10,1268,tpex,185.0,18.0
2026-08-10,1294,tpex,58.1,165.0
2026-08-10,1295,tpex,46.65,163.0
2026-08-10,1301,twse,55.6,21773.0
2026-08-10,1303,twse,185.0,63327.0
2026-08-10,1304,twse,12.1,10366.0
2026-08-10,1305,twse,11.7,6245.0
2026-08-10,1307,twse,30.9,1334.0
2026-08-10,1308,twse,13.65,6045.0
2026-08-10,1309,twse,12.9,7291.0
2026-08-10,1310,twse,8.08,11700.0
2026-08-10,1312,twse,11.9,37405.0
2026-08-10,1313,twse,11.6,11220.0
2026-08-10,1314,twse,7.74,69280.0
2026-08-10,1315,twse,64.4,14.0
2026-08-10,1316,twse,10.05,9489.0
2026-08-10,1319,twse,77.6,7057.0
2026-08-10,1321,twse,32.2,7211.0
2026-08-10,1323,twse,21.6,89.0
2026-08-10,1324,twse,10.05,1262.0
2026-08-10,1325,twse,26.8,2279.0
2026-08-10,1326,twse,58.8,32942.0
2026-08-10,1336,tpex,14.75,2770.0
2026-08-10,1337,twse,4.72,21430.0
2026-08-10,1338,twse,15.45,3904.0
2026-08-10,1339,twse,45.0,879.0
2026-08-10,1340,twse,5.26,1037.0
2026-08-10,1341,twse,59.2,0.0
2026-08-10,1342,twse,103.5,556.0
2026-08-10,1402,twse,27.25,6864.0
2026-08-10,1409,twse,24.75,22036.0
2026-08-10,1410,twse,25.8,241.0
2026-08-10,1413,twse,9.4,0.0
2026-08-10,1414,twse,19.75,1221.0
2026-08-10,1416,twse,11.0,3381.0
2026-08-10,1417,twse,8.29,1999.0
2026-08-10,1418,twse,18.05,778.0
2026-08-10,1419,twse,65.0,1277.0
2026-08-10,1423,twse,35.95,86.0
2026-08-10,1432,twse,15.3,142.0
2026-08-10,1434,twse,17.7,6970.0
2026-08-10,1435,twse,24.65,0.0
2026-08-10,1436,twse,37.35,1001.0
2026-08-10,1437,twse,30.3,3131.0
2026-08-10,1438,twse,22.45,136.0
2026-08-10,1439,twse,29.25,1029.0
2026-08-10,1440,twse,13.5,6002.0
2026-08-10,1441,twse,8.89,0.0
2026-08-10,1442,twse,30.05,2696.0
2026-08-10,1443,twse,26.05,8.0
2026-08-10,1444,twse,7.26,558.0
2026-08-10,1445,twse,10.45,1366.0
2026-08-10,1446,twse,13.95,1404.0
2026-08-10,1447,twse,7.17,746.0
2026-08-10,1449,twse,12.9,3065.0
2026-08-10,1451,twse,17.5,577.0
2026-08-10,1452,twse,11.35,108.0
2026-08-10,1453,twse,11.1,918.0
2026-08-10,1454,twse,12.75,2169.0
2026-08-10,1455,twse,9.9,3524.0
2026-08-10,1456,twse,14.25,779.0
2026-08-10,1457,twse,14.1,664.0
2026-08-10,1459,twse,14.0,342.0
2026-08-10,1460,twse,6.66,0.0
2026-08-10,1463,twse,17.8,508.0
2026-08-10,1464,twse,10.4,1958.0
2026-08-10,1465,twse,12.35,3200.0
2026-08-10,1466,twse,17.0,3180.0
2026-08-10,1467,twse,9.79,7000.0
2026-08-10,1468,twse,13.55,0.0
2026-08-10,1470,twse,23.4,5.0
2026-08-10,1471,twse,9.53,0.0
2026-08-10,1472,twse,88.9,3882.0
2026-08-10,1473,twse,19.95,766.0
2026-08-10,1474,twse,10.1,3330.0
2026-08-10,1475,twse,27.15,464.0
2026-08-10,1476,twse,337.0,882.0
2026-08-10,1477,twse,222.0,1296.0
2026-08-10,1503,twse,195.5,2835.0
2026-08-10,1504,twse,67.2,27775.0
2026-08-10,1506,twse,10.5,0.0
2026-08-10,1512,twse,6.57,0.0
2026-08-10,1513,twse,159.5,7476.0
2026-08-10,1514,twse,102.0,6056.0
2026-08-10,1515,twse,31.2,2272.0
2026-08-10,1516,twse,14.65,2.0
2026-08-10,1517,twse,11.8,2188.0
2026-08-10,1519,twse,671.0,2944.0
2026-08-10,1521,twse,25.3,447.0
2026-08-10,1522,twse,28.2,3664.0
2026-08-10,1524,twse,27.15,3824.0
2026-08-10,1525,twse,68.4,230.0
2026-08-10,1526,twse,18.3,927.0
2026-08-10,1527,twse,32.65,531.0
2026-08-10,1528,twse,19.0,5679.0
2026-08-10,1529,twse,17.15,2750.0
2026-08-10,1530,twse,27.15,269.0
2026-08-10,1531,twse,13.0,1713.0
2026-08-10,1532,twse,21.75,2937.0
2026-08-10,1533,twse,33.1,526.0
2026-08-10,1535,twse,46.5,54.0
2026-08-10,1536,twse,51.6,7435.0
2026-08-10,1537,twse,127.0,57.0
2026-08-10,1538,twse,0.0,0.0
2026-08-10,1539,twse,16.35,1242.0
2026-08-10,1540,twse,19.75,1492.0
2026-08-10,1541,twse,21.95,106.0
2026-08-10,1558,twse,94.6,256.0
2026-08-10,1560,twse,688.0,1726.0
2026-08-10,1563,twse,56.5,6785.0
2026-08-10,1565,tpex,94.4,1108.0
2026-08-10,1568,twse,28.6,2210.0
2026-08-10,1569,tpex,42.8,10920.0
2026-08-10,1570,tpex,33.8,1780.0
2026-08-10,1580,tpex,112.5,22.0
2026-08-10,1582,twse,74.3,3646.0
2026-08-10,1583,twse,49.7,65.0
2026-08-10,1584,tpex,18.0,5733.0
2026-08-10,1586,tpex,18.3,15775.0
2026-08-10,1587,twse,24.3,1660.0
2026-08-10,1589,twse,0.0,655.0
2026-08-10,1590,twse,1570.0,233.0
2026-08-10,1591,tpex,35.0,1257.0
2026-08-10,1593,tpex,31.35,129.0
2026-08-10,1595,tpex,62.6,4393.0
2026-08-10,1597,twse,149.0,3004.0
2026-08-10,1598,twse,20.35,2010.0
2026-08-10,1599,tpex,23.6,272.0
2026-08-10,1603,twse,29.25,1849.0
2026-08-10,1604,twse,23.2,200.0
2026-08-10,1605,twse,38.0,47571.0
2026-08-10,1608,twse,35.75,7704.0
2026-08-10,1609,twse,36.95,12343.0
2026-08-10,1611,twse,11.85,3224.0
2026-08-10,1612,twse,32.95,1883.0
2026-08-10,1614,twse,30.85,336.0
2026-08-10,1615,twse,42.25,167.0
2026-08-10,1616,twse,19.75,2742.0
2026-08-10,1617,twse,18.95,1778.0
2026-08-10,1618,twse,40.5,3359.0
2026-08-10,1623,twse,210.0,26.0
2026-08-10,1626,twse,9.66,1621.0
2026-08-10,1702,twse,33.35,296.0
2026-08-10,1707,twse,90.3,337.0
2026-08-10,1708,twse,49.95,6243.0
2026-08-10,1709,twse,27.3,18980.0
2026-08-10,1710,twse,14.5,12209.0
2026-08-10,1711,twse,38.05,13337.0
2026-08-10,1712,twse,39.35,452.0
2026-08-10,1713,twse,44.0,3059.0
2026-08-10,1714,twse,16.65,16161.0
2026-08-10,1717,twse,70.0,16720.0
2026-08-10,1718,twse,10.25,19658.0
2026-08-10,1720,twse,56.7,303.0
2026-08-10,1721,twse,20.3,126.0
2026-08-10,1722,twse,46.1,2844.0
2026-08-10,1723,twse,86.3,595.0
2026-08-10,1725,twse,30.9,274.0
2026-08-10,1726,twse,77.3,25.0
2026-08-10,1727,twse,76.5,5916.0
2026-08-10,1730,twse,51.4,6.0
2026-08-10,1731,twse,21.15,306.0
2026-08-10,1732,twse,26.8,986.0
2026-08-10,1733,twse,30.85,2467.0
2026-08-10,1734,twse,31.9,293.0
2026-08-10,1735,twse,20.5,658.0
2026-08-10,1736,twse,139.5,1910.0
2026-08-10,1737,twse,31.9,23.0
2026-08-10,1742,tpex,17.85,3769.0
2026-08-10,1752,twse,31.9,329.0
2026-08-10,1760,twse,59.3,999.0
2026-08-10,1762,twse,36.6,779.0
2026-08-10,1773,twse,162.0,1102.0
2026-08-10,1776,twse,17.0,754.0
2026-08-10,1777,tpex,75.0,52.0
2026-08-10,1780,tpex,23.2,0.0
2026-08-10,1781,tpex,11.2,0.0
2026-08-10,1783,twse,41.3,544.0
2026-08-10,1784,tpex,61.8,1254.0
2026-08-10,1785,tpex,118.5,28514.0
2026-08-10,1786,twse,51.8,4962.0
2026-08-10,1788,tpex,130.5,2.0
2026-08-10,1789,twse,18.8,3312.0
2026-08-10,1795,twse,193.5,8620.0
2026-08-10,1796,tpex,30.7,337.0
2026-08-10,1799,tpex,31.65,389.0
2026-08-10,1802,twse,54.7,35845.0
2026-08-10,1805,twse,9.99,1481.0
2026-08-10,1806,twse,8.04,2906.0
2026-08-10,1808,twse,33.35,5831.0
2026-08-10,1809,twse,41.0,5456.0
2026-08-10,1810,twse,24.65,20866.0
2026-08-10,1813,tpex,11.45,16.0
2026-08-10,1815,tpex,89.1,43990.0
2026-08-10,1817,twse,38.4,16.0
2026-08-10,1903,twse,47.2,2471.0
2026-08-10,1904,twse,24.2,4382.0
2026-08-10,1905,twse,13.45,12484.0
2026-08-10,1906,twse,11.05,7273.0
2026-08-10,1907,twse,30.85,24043.0
2026-08-10,1909,twse,10.15,9366.0
2026-08-10,2002,twse,19.65,43767.0
2026-08-10,2006,twse,85.9,1146.0
2026-08-10,2007,twse,7.17,5.0
2026-08-10,2008,twse,31.3,92.0
2026-08-10,2009,twse,39.65,6524.0
2026-08-10,2010,twse,23.4,2362.0
2026-08-10,2012,twse,15.25,192.0
2026-08-10,2013,twse,41.35,1412.0
2026-08-10,2014,twse,17.95,1095.0
2026-08-10,2015,twse,65.9,43.0
2026-08-10,2017,twse,9.12,8175.0
2026-08-10,2020,twse,21.75,703.0
2026-08-10,2022,twse,7.91,2046.0
2026-08-10,2023,twse,13.9,2753.0
2026-08-10,2024,twse,13.8,65.0
2026-08-10,2025,twse,12.85,0.0
2026-08-10,2027,twse,47.3,26476.0
2026-08-10,2028,twse,15.75,1179.0
2026-08-10,2029,twse,21.2,445.0
2026-08-10,2030,twse,20.45,5000.0
2026-08-10,2031,twse,46.5,1557.0
2026-08-10,2032,twse,17.85,2572.0
2026-08-10,2033,twse,18.7,2827.0
2026-08-10,2034,twse,20.35,3555.0
2026-08-10,2035,tpex,0.0,0.0
2026-08-10,2038,twse,13.15,3579.0
2026-08-10,2049,twse,387.0,4118.0
2026-08-10,2059,twse,11905.0,523.0
2026-08-10,2061,tpex,59.5,5392.0
2026-08-10,2062,twse,18.75,1345.0
2026-08-10,2063,tpex,24.6,108.0
2026-08-10,2064,tpex,11.9,49.0
2026-08-10,2065,tpex,35.25,50.0
2026-08-10,2066,tpex,64.6,3751.0
2026-08-10,2067,tpex,6.48,0.0
2026-08-10,2069,twse,19.95,427.0
2026-08-10,2070,tpex,59.0,1212.0
2026-08-10,2072,twse,154.0,0.0
2026-08-10,2073,tpex,26.85,0.0
2026-08-10,2101,twse,34.3,21154.0
2026-08-10,2102,twse,18.65,3511.0
2026-08-10,2103,twse,27.5,14980.0
2026-08-10,2104,twse,10.45,19154.0
2026-08-10,2105,twse,31.7,8980.0
2026-08-10,2106,twse,18.35,2678.0
2026-08-10,2107,twse,25.45,82.0
2026-08-10,2108,twse,29.85,2673.0
2026-08-10,2109,twse,14.6,678.0
2026-08-10,2114,twse,88.0,6.0
2026-08-10,2115,twse,22.85,494.0
2026-08-10,2201,twse,27.55,9812.0
2026-08-10,2204,twse,51.8,1380.0
2026-08-10,2206,twse,62.7,3902.0
2026-08-10,2207,twse,514.0,61.0
2026-08-10,2208,twse,19.0,0.0
2026-08-10,2211,twse,88.0,581.0
2026-08-10,2221,tpex,49.0,686.0
2026-08-10,2227,twse,49.05,0.0
2026-08-10,2228,twse,75.2,1507.0
2026-08-10,2230,tpex,27.1,3447.0
2026-08-10,2231,twse,99.0,2587.0
2026-08-10,2233,twse,204.5,4315.0
2026-08-10,2235,tpex,27.55,34.0
2026-08-10,2236,twse,137.0,11782.0
2026-08-10,2237,twse,27.0,0.0
2026-08-10,2239,twse,19.5,1643.0
2026-08-10,2241,twse,32.6,7857.0
2026-08-10,2243,twse,40.6,1293.0
2026-08-10,2247,twse,229.5,153.0
2026-08-10,2248,twse,62.0,551.0
2026-08-10,2250,twse,60.2,1179.0
2026-08-10,2254,twse,60.7,2514.0
2026-08-10,2258,twse,30.2,0.0
2026-08-10,2301,twse,271.5,14387.0
2026-08-10,2302,twse,42.5,4063.0
2026-08-10,2303,twse,123.0,164514.0
2026-08-10,2305,twse,29.05,6565.0
2026-08-10,2308,twse,1815.0,8883.0
2026-08-10,2312,twse,32.5,43947.0
2026-08-10,2313,twse,215.0,30729.0
2026-08-10,2314,twse,12.05,0.0
2026-08-10,2316,twse,163.5,3535.0
2026-08-10,2317,twse,264.5,50336.0
2026-08-10,2321,twse,0.0,0.0
2026-08-10,2323,twse,10.25,30033.0
2026-08-10,2324,twse,36.3,49919.0
2026-08-10,2327,twse,573.0,34039.0
2026-08-10,2328,twse,47.05,16329.0
2026-08-10,2329,twse,44.85,13636.0
2026-08-10,2330,twse,2380.0,29788.0
2026-08-10,2331,twse,19.95,9586.0
2026-08-10,2332,twse,23.6,28589.0
2026-08-10,2337,twse,133.5,91725.0
2026-08-10,2338,twse,40.1,5019.0
2026-08-10,2340,twse,31.9,7337.0
2026-08-10,2342,twse,37.1,3532.0
2026-08-10,2344,twse,179.5,141876.0
2026-08-10,2345,twse,2165.0,1808.0
2026-08-10,2347,twse,91.9,1307.0
2026-08-10,2348,twse,71.1,2662.0
2026-08-10,2349,twse,11.1,0.0
2026-08-10,2351,twse,168.5,11005.0
2026-08-10,2352,twse,29.6,14886.0
2026-08-10,2353,twse,31.0,39138.0
2026-08-10,2354,twse,63.1,29736.0
2026-08-10,2355,twse,42.05,8983.0
2026-08-10,2356,twse,66.0,27642.0
2026-08-10,2357,twse,818.0,2024.0
2026-08-10,2359,twse,153.5,9400.0
2026-08-10,2360,twse,2030.0,1521.0
2026-08-10,2362,twse,46.8,3450.0
2026-08-10,2363,twse,54.0,16747.0
2026-08-10,2364,twse,76.1,816.0
2026-08-10,2365,twse,31.25,7811.0
2026-08-10,2367,twse,44.25,24558.0
2026-08-10,2368,twse,926.0,8105.0
2026-08-10,2369,twse,33.6,12888.0
2026-08-10,2371,twse,26.8,46479.0
2026-08-10,2373,twse,53.4,45.0
2026-08-10,2374,twse,72.4,15871.0
2026-08-10,2375,twse,124.0,4991.0
2026-08-10,2376,twse,349.5,6338.0
2026-08-10,2377,twse,155.0,13967.0
2026-08-10,2379,twse,758.0,2509.0
2026-08-10,2380,twse,19.1,0.0
2026-08-10,2382,twse,313.5,17121.0
2026-08-10,2383,twse,5290.0,1991.0
2026-08-10,2385,twse,103.0,3246.0
2026-08-10,2387,twse,37.55,1262.0
2026-08-10,2388,twse,80.7,9622.0
2026-08-10,2390,twse,10.6,1997.0
2026-08-10,2392,twse,37.95,4578.0
2026-08-10,2393,twse,62.4,2961.0
2026-08-10,2395,twse,667.0,2089.0
2026-08-10,2397,twse,68.0,1848.0
2026-08-10,2399,twse,43.65,10980.0
2026-08-10,2401,twse,27.95,7790.0
2026-08-10,2402,twse,55.5,11724.0
2026-08-10,2404,twse,1150.0,2161.0
2026-08-10,2405,twse,16.35,7579.0
2026-08-10,2406,twse,31.95,13342.0
2026-08-10,2408,twse,502.0,88847.0
2026-08-10,2409,twse,27.0,214268.0
2026-08-10,2412,twse,136.5,2363.0
2026-08-10,2413,twse,44.85,4343.0
2026-08-10,2414,twse,56.7,541.0
2026-08-10,2415,twse,31.0,2475.0
2026-08-10,2417,twse,44.55,3127.0
2026-08-10,2419,twse,24.95,5854.0
2026-08-10,2420,twse,56.5,759.0
2026-08-10,2421,twse,149.5,4093.0
2026-08-10,2423,twse,72.5,632.0
2026-08-10,2424,twse,8.71,0.0
2026-08-10,2425,twse,49.55,6751.0
2026-08-10,2426,twse,67.6,16250.0
2026-08-10,2427,twse,21.9,5357.0
2026-08-10,2428,twse,229.0,2107.0
2026-08-10,2429,twse,31.4,510.0
2026-08-10,2430,twse,17.25,97.0
2026-08-10,2431,twse,10.2,1526.0
2026-08-10,2432,twse,28.3,307.0
2026-08-10,2433,twse,41.9,24.0
2026-08-10,2434,twse,52.9,358.0
2026-08-10,2436,twse,67.4,6167.0
2026-08-10,2438,twse,17.5,0.0
2026-08-10,2439,twse,82.3,3802.0
2026-08-10,2440,twse,15.85,1626.0
2026-08-10,2441,twse,129.0,9143.0
2026-08-10,2442,twse,19.65,4003.0
2026-08-10,2444,twse,11.4,0.0
2026-08-10,2449,twse,248.5,19731.0
2026-08-10,2450,twse,28.35,81.0
2026-08-10,2451,twse,295.5,6695.0
2026-08-10,2453,twse,52.6,2374.0
2026-08-10,2454,twse,3960.0,10133.0
2026-08-10,2455,twse,384.5,11471.0
2026-08-10,2457,twse,23.55,12085.0
2026-08-10,2458,twse,145.5,3797.0
2026-08-10,2459,twse,66.1,110.0
2026-08-10,2460,twse,31.8,208.0
2026-08-10,2461,twse,17.5,8520.0
2026-08-10,2462,twse,19.5,2343.0
2026-08-10,2464,twse,180.0,20559.0
2026-08-10,2465,twse,93.6,3801.0
2026-08-10,2466,twse,97.1,6078.0
2026-08-10,2467,twse,550.0,1791.0
2026-08-10,2468,twse,34.95,3257.0
2026-08-10,2471,twse,49.5,1285.0
2026-08-10,2472,twse,240.5,4525.0
2026-08-10,2474,twse,201.0,9286.0
2026-08-10,2476,twse,126.0,40985.0
2026-08-10,2477,twse,22.05,1215.0
2026-08-10,2478,twse,122.0,7497.0
2026-08-10,2480,twse,154.5,388.0
2026-08-10,2481,twse,137.5,13067.0
2026-08-10,2482,twse,16.15,1855.0
2026-08-10,2483,twse,35.85,1845.0
2026-08-10,2484,twse,74.3,17454.0
2026-08-10,2485,twse,44.0,11289.0
2026-08-10,2486,twse,233.0,22599.0
2026-08-10,2488,twse,49.65,491.0
2026-08-10,2489,twse,33.4,28876.0
2026-08-10,2491,twse,34.9,1620.0
2026-08-10,2492,twse,273.5,12358.0
2026-08-10,2493,twse,218.0,10174.0
2026-08-10,2495,twse,39.0,7874.0
2026-08-10,2496,twse,59.4,34.0
2026-08-10,2497,twse,48.25,1796.0
2026-08-10,2498,twse,40.7,28304.0
2026-08-10,2501,twse,22.2,4633.0
2026-08-10,2504,twse,30.95,4728.0
2026-08-10,2505,twse,18.1,3261.0
2026-08-10,2506,twse,8.63,1850.0
2026-08-10,2509,twse,13.65,568.0
2026-08-10,2511,twse,8.35,2514.0
2026-08-10,2514,twse,12.25,18132.0
2026-08-10,2515,twse,11.95,29620.0
2026-08-10,2516,twse,14.1,0.0
2026-08-10,2520,twse,34.85,2061.0
2026-08-10,2524,twse,34.25,3206.0
2026-08-10,2527,twse,47.6,5385.0
2026-08-10,2528,twse,20.75,6311.0
2026-08-10,2530,twse,19.4,6817.0
2026-08-10,2534,twse,17.15,11931.0
2026-08-10,2535,twse,90.5,276.0
2026-08-10,2536,twse,20.3,5393.0
2026-08-10,2537,twse,11.0,3612.0
2026-08-10,2538,twse,9.17,2424.0
2026-08-10,2539,twse,42.85,2291.0
2026-08-10,2540,twse,45.2,2983.0
2026-08-10,2542,twse,44.35,4682.0
2026-08-10,2543,twse,38.9,9395.0
2026-08-10,2545,twse,33.15,2814.0
2026-08-10,2546,twse,92.6,103.0
2026-08-10,2547,twse,10.75,10831.0
2026-08-10,2548,twse,93.8,2191.0
2026-08-10,2596,tpex,32.0,2282.0
2026-08-10,2597,twse,168.0,168.0
2026-08-10,2601,twse,6.32,365.0
2026-08-10,2603,twse,214.0,15028.0
2026-08-10,2605,twse,33.1,13346.0
2026-08-10,2606,twse,66.8,2790.0
2026-08-10,2607,twse,48.5,800.0
2026-08-10,2608,twse,28.6,1127.0
2026-08-10,2609,twse,51.6,32115.0
2026-08-10,2610,twse,20.45,47602.0
2026-08-10,2611,twse,14.25,2119.0
2026-08-10,2612,twse,55.0,1570.0
2026-08-10,2613,twse,20.5,2107.0
2026-08-10,2614,twse,18.2,5383.0
2026-08-10,2615,twse,87.5,14886.0
2026-08-10,2616,twse,13.4,428.0
2026-08-10,2617,twse,29.3,2131.0
2026-08-10,2618,twse,42.65,34916.0
2026-08-10,2630,twse,48.3,5232.0
2026-08-10,2633,twse,25.9,1653.0
2026-08-10,2634,twse,61.0,23404.0
2026-08-10,2636,twse,65.8,614.0
2026-08-10,2637,twse,88.1,2455.0
2026-08-10,2640,tpex,147.0,502.0
2026-08-10,2641,tpex,17.5,10887.0
2026-08-10,2642,twse,20.35,602.0
2026-08-10,2643,tpex,63.4,86.0
2026-08-10,2645,twse,189.5,2978.0
2026-08-10,2646,twse,20.75,3811.0
2026-08-10,2701,twse,10.6,382.0
2026-08-10,2702,twse,12.45,429.0
2026-08-10,2704,twse,46.25,115.0
2026-08-10,2705,twse,16.2,547.0
2026-08-10,2706,twse,12.5,654.0
2026-08-10,2707,twse,180.0,172.0
2026-08-10,2712,twse,14.95,7.0
2026-08-10,2718,tpex,44.6,115.0
2026-08-10,2719,tpex,21.65,114.0
2026-08-10,2722,twse,22.0,412.0
2026-08-10,2723,twse,62.9,1659.0
2026-08-10,2724,tpex,0.0,0.0
2026-08-10,2726,tpex,8.8,283.0
2026-08-10,2727,twse,241.5,333.0
2026-08-10,2729,tpex,160.0,9.0
2026-08-10,2731,twse,145.5,884.0
2026-08-10,2732,tpex,64.4,281.0
2026-08-10,2734,tpex,15.1,586.0
2026-08-10,2736,tpex,11.45,555.0
2026-08-10,2739,twse,34.4,899.0
2026-08-10,2740,tpex,31.7,0.0
2026-08-10,2743,tpex,56.9,735.0
2026-08-10,2745,tpex,89.9,515.0
2026-08-10,2748,twse,38.5,503.0
2026-08-10,2751,tpex,53.1,2.0
2026-08-10,2752,tpex,179.0,0.0
2026-08-10,2753,twse,184.5,517.0
2026-08-10,2754,tpex,73.0,307.0
2026-08-10,2755,tpex,103.0,37.0
2026-08-10,2756,tpex,57.0,301.0
2026-08-10,2762,twse,84.8,209.0
2026-08-10,2801,twse,23.2,8559.0
2026-08-10,2812,twse,18.7,2796.0
2026-08-10,2816,twse,33.8,585.0
2026-08-10,2820,twse,16.35,494.0
2026-08-10,2832,twse,58.5,552.0
2026-08-10,2834,twse,16.5,27300.0
2026-08-10,2836,twse,11.9,6671.0
2026-08-10,2838,twse,20.15,872.0
2026-08-10,2845,twse,13.15,4001.0
2026-08-10,2849,twse,14.7,252.0
2026-08-10,2850,twse,161.5,312.0
2026-08-10,2851,twse,36.0,913.0
2026-08-10,2852,twse,26.9,1530.0
2026-08-10,2855,twse,45.85,5298.0
2026-08-10,2867,twse,9.7,1830.0
2026-08-10,2880,twse,44.0,881.0
2026-08-10,2881,twse,128.5,6827.0
2026-08-10,2882,twse,101.0,4251.0
2026-08-10,2883,twse,31.05,11231.0
2026-08-10,2884,twse,37.8,4853.0
2026-08-10,2885,twse,68.2,2087.0
2026-08-10,2886,twse,51.0,1224.0
2026-08-10,2887,twse,35.9,40115.0
2026-08-10,2889,twse,15.35,2801.0
2026-08-10,2890,twse,38.9,3071.0
2026-08-10,2891,twse,66.5,3488.0
2026-08-10,2892,twse,34.95,1999.0
2026-08-10,2897,twse,10.15,1702.0
2026-08-10,2901,twse,23.9,472.0
2026-08-10,2903,twse,22.05,1537.0
2026-08-10,2904,twse,13.05,32.0
2026-08-10,2905,twse,16.5,7635.0
2026-08-10,2906,twse,13.5,606.0
2026-08-10,2908,twse,21.8,14062.0
2026-08-10,2910,twse,24.55,49.0
2026-08-10,2911,twse,7.09,206.0
2026-08-10,2912,twse,219.5,663.0
2026-08-10,2913,twse,11.05,7074.0
2026-08-10,2915,twse,53.4,8605.0
2026-08-10,2916,tpex,41.05,116.0
2026-08-10,2923,twse,27.55,0.0
2026-08-10,2924,tpex,17.45,4.0
2026-08-10,2926,tpex,30.2,4.0
2026-08-10,2929,twse,5.49,2109.0
2026-08-10,2937,tpex,45.45,0.0
2026-08-10,2939,twse,19.6,244.0
2026-08-10,2945,twse,40.5,0.0
2026-08-10,2947,tpex,62.1,0.0
2026-08-10,2948,tpex,37.15,0.0
2026-08-10,2949,tpex,62.8,0.0
2026-08-10,3002,twse,16.9,1858.0
2026-08-10,3003,twse,68.7,2482.0
2026-08-10,3004,twse,126.5,1854.0
2026-08-10,3005,twse,114.5,8675.0
2026-08-10,3006,twse,275.5,17221.0
2026-08-10,3008,twse,4400.0,2349.0
2026-08-10,3010,twse,122.5,1245.0
2026-08-10,3011,twse,11.45,3282.0
2026-08-10,3013,twse,87.2,8534.0
2026-08-10,3014,twse,136.5,2729.0
2026-08-10,3015,twse,58.7,2502.0
2026-08-10,3016,twse,107.0,7708.0
2026-08-10,3017,twse,2765.0,4183.0
2026-08-10,3018,twse,14.0,0.0
2026-08-10,3019,twse,134.5,10769.0
2026-08-10,3021,twse,21.0,599.0
2026-08-10,3022,twse,113.0,6864.0
2026-08-10,3023,twse,314.5,1109.0
2026-08-10,3024,twse,13.1,9758.0
2026-08-10,3025,twse,54.8,1627.0
2026-08-10,3026,twse,588.0,7326.0
2026-08-10,3027,twse,18.6,4596.0
2026-08-10,3028,twse,68.5,3079.0
2026-08-10,3029,twse,109.0,3226.0
2026-08-10,3030,twse,296.5,10312.0
2026-08-10,3031,twse,23.3,5270.0
2026-08-10,3032,twse,81.3,8249.0
2026-08-10,3033,twse,49.35,8873.0
2026-08-10,3034,twse,544.0,2665.0
2026-08-10,3035,twse,178.0,10115.0
2026-08-10,3036,twse,229.0,13126.0
2026-08-10,3037,twse,992.0,39054.0
2026-08-10,3038,twse,20.7,1477.0
2026-08-10,3040,twse,37.95,10092.0
2026-08-10,3041,twse,24.55,3457.0
2026-08-10,3042,twse,180.5,19372.0
2026-08-10,3043,twse,20.6,855.0
2026-08-10,3044,twse,401.5,6588.0
2026-08-10,3045,twse,110.5,1553.0
2026-08-10,3046,twse,59.1,1051.0
2026-08-10,3047,twse,14.6,6527.0
2026-08-10,3048,twse,57.3,6096.0
2026-08-10,3049,twse,11.0,0.0
2026-08-10,3050,twse,11.35,3222.0
2026-08-10,3051,twse,23.3,4041.0
2026-08-10,3052,twse,10.7,1685.0
2026-08-10,3054,twse,48.35,965.0
2026-08-10,3055,twse,113.5,5643.0
2026-08-10,3056,twse,14.25,3573.0
2026-08-10,3057,twse,15.7,0.0
2026-08-10,3058,twse,8.19,0.0
2026-08-10,3059,twse,40.8,11251.0
2026-08-10,3060,twse,29.55,8605.0
2026-08-10,3062,twse,20.9,9632.0
2026-08-10,3064,tpex,0.0,0.0
2026-08-10,3066,tpex,22.55,1238.0
2026-08-10,3067,tpex,18.0,0.0
2026-08-10,3071,tpex,26.15,3930.0
2026-08-10,3073,tpex,22.1,669.0
2026-08-10,3078,tpex,54.7,5680.0
2026-08-10,3081,tpex,2535.0,5423.0
2026-08-10,3083,tpex,25.45,1296.0
2026-08-10,3085,tpex,11.75,0.0
2026-08-10,3086,tpex,27.55,6811.0
2026-08-10,3088,tpex,146.0,2447.0
2026-08-10,3090,twse,161.0,6204.0
2026-08-10,3092,twse,23.6,3554.0
2026-08-10,3093,tpex,48.0,6054.0
2026-08-10,3094,twse,36.95,2720.0
2026-08-10,3095,tpex,38.5,414.0
2026-08-10,3105,tpex,385.5,44959.0
2026-08-10,3114,tpex,37.5,1173.0
2026-08-10,3115,tpex,9.0,0.0
2026-08-10,3118,tpex,32.0,28.0
2026-08-10,3122,tpex,25.3,53.0
2026-08-10,3128,tpex,21.95,1851.0
2026-08-10,3130,twse,202.5,9.0
2026-08-10,3131,tpex,2470.0,320.0
2026-08-10,3135,twse,163.0,2925.0
2026-08-10,3138,twse,99.8,1996.0
2026-08-10,3141,tpex,80.0,5233.0
2026-08-10,3147,tpex,232.0,1529.0
2026-08-10,3149,twse,69.0,22046.0
2026-08-10,3150,twse,17.75,229.0
2026-08-10,3152,tpex,220.0,663.0
2026-08-10,3158,tpex,84.0,0.0
2026-08-10,3162,tpex,64.9,5915.0
2026-08-10,3163,tpex,706.0,7325.0
2026-08-10,3164,twse,16.6,304.0
2026-08-10,3167,twse,655.0,6688.0
2026-08-10,3168,twse,42.65,38.0
2026-08-10,3169,tpex,103.0,1041.0
2026-08-10,3171,tpex,63.9,54.0
2026-08-10,3176,tpex,33.9,1008.0
2026-08-10,3178,tpex,57.9,1143.0
2026-08-10,3188,tpex,23.05,2755.0
2026-08-10,3189,twse,836.0,22867.0
2026-08-10,3191,tpex,18.55,0.0
2026-08-10,3205,tpex,50.1,1692.0
2026-08-10,3206,tpex,33.75,828.0
2026-08-10,3207,tpex,42.4,4456.0
2026-08-10,3209,twse,55.8,5853.0
2026-08-10,3211,tpex,370.0,11706.0
2026-08-10,3213,tpex,138.0,1579.0
2026-08-10,3217,tpex,149.5,1651.0
2026-08-10,3218,tpex,145.0,643.0
2026-08-10,3219,tpex,71.4,1404.0
2026-08-10,3221,tpex,48.2,3418.0
2026-08-10,3224,tpex,36.8,7817.0
2026-08-10,3226,tpex,51.4,1.0
2026-08-10,3227,tpex,210.0,2895.0
2026-08-10,3228,tpex,144.5,0.0
2026-08-10,3229,twse,50.9,0.0
2026-08-10,3230,tpex,40.8,3542.0
2026-08-10,3231,twse,193.0,41315.0
2026-08-10,3232,tpex,19.6,2959.0
2026-08-10,3234,tpex,118.0,0.0
2026-08-10,3236,tpex,42.95,3266.0
2026-08-10,3252,tpex,16.4,12302.0
2026-08-10,3257,twse,51.4,2453.0
2026-08-10,3259,tpex,14.55,0.0
2026-08-10,3260,tpex,411.0,21252.0
2026-08-10,3264,tpex,222.5,6880.0
2026-08-10,3265,tpex,164.5,3974.0
2026-08-10,3266,twse,13.85,353.0
2026-08-10,3268,tpex,20.45,1861.0
2026-08-10,3272,tpex,14.2,1025.0
2026-08-10,3276,tpex,14.7,1470.0
2026-08-10,3284,tpex,20.55,895.0
2026-08-10,3285,tpex,38.0,305.0
2026-08-10,3287,tpex,31.15,1919.0
2026-08-10,3288,tpex,22.55,0.0
2026-08-10,3289,tpex,140.5,7398.0
2026-08-10,3290,tpex,54.9,9286.0
2026-08-10,3293,tpex,792.0,2229.0
2026-08-10,3294,tpex,30.85,6440.0
2026-08-10,3296,twse,23.45,1813.0
2026-08-10,3297,tpex,28.2,687.0
2026-08-10,3303,tpex,56.0,2024.0
2026-08-10,3305,twse,115.0,7055.0
2026-08-10,3306,tpex,44.0,900.0
2026-08-10,3308,twse,19.65,706.0
2026-08-10,3310,tpex,69.6,2551.0
2026-08-10,3311,twse,32.3,2871.0
2026-08-10,3312,twse,50.5,4859.0
2026-08-10,3313,tpex,10.4,639.0
2026-08-10,3317,tpex,68.9,3891.0
2026-08-10,3321,twse,19.3,0.0
2026-08-10,3322,tpex,11.4,9354.0
2026-08-10,3323,tpex,31.85,5609.0
2026-08-10,3324,tpex,1010.0,5384.0
2026-08-10,3325,tpex,11.9,559.0
2026-08-10,3332,tpex,63.5,126.0
2026-08-10,3338,twse,63.3,3465.0
2026-08-10,3339,tpex,39.5,6472.0
2026-08-10,3346,twse,20.85,2927.0
2026-08-10,3349,tpex,23.25,0.0
2026-08-10,3354,tpex,20.95,1131.0
2026-08-10,3356,twse,57.6,1800.0
2026-08-10,3357,tpex,218.0,3799.0
2026-08-10,3360,tpex,16.25,2775.0
2026-08-10,3362,tpex,178.0,4826.0
2026-08-10,3363,tpex,640.0,5240.0
2026-08-10,3372,tpex,16.4,0.0
2026-08-10,3373,tpex,16.5,878.0
2026-08-10,3374,tpex,337.0,27196.0
2026-08-10,3376,twse,183.5,11329.0
2026-08-10,3379,tpex,30.4,1792.0
2026-08-10,3380,twse,28.5,5112.0
2026-08-10,3388,tpex,73.1,1518.0
2026-08-10,3390,tpex,22.85,2362.0
2026-08-10,3402,tpex,129.5,1243.0
2026-08-10,3406,twse,546.0,2682.0
2026-08-10,3413,twse,307.5,3748.0
2026-08-10,3416,twse,196.0,908.0
2026-08-10,3419,twse,12.0,1042.0
2026-08-10,3430,tpex,118.0,1674.0
2026-08-10,3432,twse,16.3,0.0
2026-08-10,3434,tpex,31.55,1530.0
2026-08-10,3437,twse,18.1,2642.0
2026-08-10,3438,tpex,61.4,971.0
2026-08-10,3441,tpex,79.5,3734.0
2026-08-10,3443,twse,4530.0,4478.0
2026-08-10,3444,tpex,74.0,951.0
2026-08-10,3447,twse,27.4,1913.0
2026-08-10,3450,twse,524.0,15850.0
2026-08-10,3455,tpex,205.5,3546.0
2026-08-10,3465,tpex,29.95,728.0
2026-08-10,3466,tpex,25.85,10802.0
2026-08-10,3467,tpex,45.05,134.0
2026-08-10,3479,tpex,143.0,3322.0
2026-08-10,3481,twse,52.3,345361.0
2026-08-10,3483,tpex,74.0,4717.0
2026-08-10,3484,tpex,50.7,1876.0
2026-08-10,3485,tpex,208.5,0.0
2026-08-10,3489,tpex,25.95,388.0
2026-08-10,3490,tpex,31.6,2740.0
2026-08-10,3491,tpex,1235.0,3560.0
2026-08-10,3492,tpex,21.95,851.0
2026-08-10,3494,twse,7.09,0.0
2026-08-10,3498,tpex,125.0,4829.0
2026-08-10,3499,tpex,13.05,0.0
2026-08-10,3501,twse,38.75,1162.0
2026-08-10,3504,twse,73.9,2977.0
2026-08-10,3508,tpex,16.85,0.0
2026-08-10,3511,tpex,20.3,2661.0
2026-08-10,3512,tpex,19.75,700.0
2026-08-10,3515,twse,215.5,1637.0
2026-08-10,3516,tpex,26.2,9234.0
2026-08-10,3518,twse,28.25,4082.0
2026-08-10,3520,tpex,18.55,2293.0
2026-08-10,3521,tpex,12.25,2220.0
2026-08-10,3522,tpex,11.9,0.0
2026-08-10,3523,tpex,15.75,0.0
2026-08-10,3526,tpex,289.0,1866.0
2026-08-10,3527,tpex,52.1,1075.0
2026-08-10,3528,twse,90.1,2357.0
2026-08-10,3529,tpex,2835.0,1157.0
2026-08-10,3530,twse,55.5,1299.0
2026-08-10,3531,tpex,21.4,35.0
2026-08-10,3532,twse,283.0,7569.0
2026-08-10,3533,twse,1960.0,760.0
2026-08-10,3535,twse,90.2,3951.0
2026-08-10,3537,tpex,51.9,1321.0
2026-08-10,3540,tpex,20.95,2119.0
2026-08-10,3541,tpex,21.0,271.0
2026-08-10,3543,twse,37.75,5247.0
2026-08-10,3545,twse,51.1,4425.0
2026-08-10,3546,tpex,76.0,1867.0
2026-08-10,3548,tpex,76.5,3402.0
2026-08-10,3550,twse,23.7,14113.0
2026-08-10,3551,tpex,179.0,1400.0
2026-08-10,3552,tpex,44.8,1505.0
2026-08-10,3555,tpex,161.5,701.0
2026-08-10,3556,tpex,64.2,1172.0
2026-08-10,3557,twse,26.1,378.0
2026-08-10,3558,tpex,130.0,1423.0
2026-08-10,3563,twse,684.0,5591.0
2026-08-10,3564,tpex,48.1,699.0
2026-08-10,3567,tpex,26.3,691.0
2026-08-10,3570,tpex,165.5,123.0
2026-08-10,3576,twse,17.15,0.0
2026-08-10,3577,tpex,133.5,1151.0
2026-08-10,3580,tpex,80.5,2494.0
2026-08-10,3581,tpex,114.0,1391.0
2026-08-10,3583,twse,696.0,1919.0
2026-08-10,3587,tpex,253.5,2824.0
2026-08-10,3588,twse,57.9,1664.0
2026-08-10,3591,twse,21.7,27465.0
2026-08-10,3592,twse,244.0,950.0
2026-08-10,3593,twse,12.9,0.0
2026-08-10,3594,tpex,60.0,4158.0
2026-08-10,3596,twse,174.0,1420.0
2026-08-10,3597,tpex,27.2,970.0
2026-08-10,3605,twse,109.0,14813.0
2026-08-10,3607,twse,14.35,1857.0
2026-08-10,3609,tpex,24.45,4224.0
2026-08-10,3611,tpex,190.5,210.0
2026-08-10,3615,tpex,36.4,3539.0
2026-08-10,3617,twse,234.0,1984.0
2026-08-10,3622,twse,54.3,1770.0
2026-08-10,3623,tpex,21.45,641.0
2026-08-10,3624,tpex,82.2,4119.0
2026-08-10,3625,tpex,16.6,0.0
2026-08-10,3628,tpex,65.3,923.0
2026-08-10,3629,tpex,13.95,0.0
2026-08-10,3630,tpex,25.95,4304.0
2026-08-10,3631,tpex,33.8,871.0
2026-08-10,3632,tpex,8.0,0.0
2026-08-10,3645,twse,72.1,5164.0
2026-08-10,3646,tpex,23.3,1119.0
2026-08-10,3652,twse,36.65,703.0
2026-08-10,3653,twse,4135.0,2680.0
2026-08-10,3661,twse,3800.0,6387.0
2026-08-10,3663,tpex,64.3,2775.0
2026-08-10,3664,tpex,6.67,0.0
2026-08-10,3665,twse,2190.0,2298.0
2026-08-10,3666,tpex,25.05,1939.0
2026-08-10,3669,twse,38.6,819.0
2026-08-10,3672,tpex,12.6,0.0
2026-08-10,3673,twse,63.3,14029.0
2026-08-10,3675,tpex,280.5,1690.0
2026-08-10,3679,twse,109.5,121.0
2026-08-10,3680,tpex,446.0,3122.0
2026-08-10,3684,tpex,52.9,447.0
2026-08-10,3685,tpex,38.2,12.0
2026-08-10,3686,twse,14.9,0.0
2026-08-10,3687,tpex,66.1,1112.0
2026-08-10,3689,tpex,110.5,5292.0
2026-08-10,3691,tpex,115.0,2530.0
2026-08-10,3693,tpex,500.0,3799.0
2026-08-10,3694,twse,55.9,6930.0
2026-08-10,3701,twse,41.15,6068.0
2026-08-10,3702,twse,130.0,6598.0
2026-08-10,3703,twse,20.2,1513.0
2026-08-10,3704,twse,50.4,7952.0
2026-08-10,3705,twse,53.7,370.0
2026-08-10,3706,twse,92.9,29450.0
2026-08-10,3707,tpex,62.3,11737.0
2026-08-10,3708,twse,102.0,2937.0
2026-08-10,3709,tpex,79.5,3965.0
2026-08-10,3710,tpex,5.09,0.0
2026-08-10,3711,twse,630.0,14042.0
2026-08-10,3712,twse,21.15,2452.0
2026-08-10,3713,tpex,15.0,0.0
2026-08-10,3714,twse,59.0,23950.0
2026-08-10,3715,twse,125.5,19325.0
2026-08-10,3716,twse,35.35,672.0
2026-08-10,3717,twse,23.45,13645.0
2026-08-10,4102,tpex,18.9,70.0
2026-08-10,4104,twse,71.2,119.0
2026-08-10,4105,tpex,77.2,872.0
2026-08-10,4106,twse,25.05,641.0
2026-08-10,4107,tpex,115.5,77.0
2026-08-10,4108,twse,11.15,0.0
2026-08-10,4109,tpex,11.3,3626.0
2026-08-10,4111,tpex,29.85,567.0
2026-08-10,4113,tpex,15.0,10541.0
2026-08-10,4114,tpex,29.5,2849.0
2026-08-10,4116,tpex,39.8,324.0
2026-08-10,4119,twse,52.5,643.0
2026-08-10,4120,tpex,49.1,811.0
2026-08-10,4121,tpex,13.1,5197.0
2026-08-10,4123,tpex,39.4,10940.0
2026-08-10,4126,tpex,77.1,719.0
2026-08-10,4127,tpex,89.3,852.0
2026-08-10,4128,tpex,14.5,8228.0
2026-08-10,4129,tpex,86.0,1394.0
2026-08-10,4131,tpex,32.6,0.0
2026-08-10,4133,twse,21.25,1287.0
2026-08-10,4137,twse,95.9,1077.0
2026-08-10,4138,tpex,51.1,45.0
2026-08-10,4139,tpex,36.4,1282.0
2026-08-10,4142,twse,17.55,6443.0
2026-08-10,4147,tpex,61.0,11241.0
2026-08-10,4148,twse,30.65,388.0
2026-08-10,4153,tpex,33.0,360.0
2026-08-10,4154,tpex,11.35,0.0
2026-08-10,4155,twse,14.65,926.0
2026-08-10,4157,tpex,8.7,8282.0
2026-08-10,4160,tpex,40.4,171.0
2026-08-10,4161,tpex,23.15,1164.0
2026-08-10,4162,tpex,64.7,2559.0
2026-08-10,4163,tpex,150.0,209.0
2026-08-10,4164,twse,26.65,5925.0
2026-08-10,4166,tpex,24.5,1426.0
2026-08-10,4167,tpex,18.7,10313.0
2026-08-10,4168,tpex,22.95,93.0
2026-08-10,4169,twse,153.5,0.0
2026-08-10,4171,tpex,17.2,896.0
2026-08-10,4173,tpex,17.65,414.0
2026-08-10,4174,tpex,26.3,1091.0
2026-08-10,4175,tpex,50.0,24.0
2026-08-10,4178,twse,17.7,0.0
2026-08-10,4188,tpex,9.71,0.0
2026-08-10,4190,twse,25.4,283.0
2026-08-10,4192,tpex,19.0,0.0
2026-08-10,4195,twse,15.0,0.0
2026-08-10,4198,tpex,41.4,0.0
2026-08-10,4205,tpex,69.7,3.0
2026-08-10,4207,tpex,20.05,548.0
2026-08-10,4303,tpex,45.0,7108.0
2026-08-10,4304,tpex,15.55,0.0
2026-08-10,4305,tpex,43.8,1.0
2026-08-10,4306,twse,14.4,4784.0
2026-08-10,4401,tpex,14.35,764.0
2026-08-10,4406,tpex,10.4,337.0
2026-08-10,4413,tpex,15.3,427.0
2026-08-10,4414,twse,8.28,707.0
2026-08-10,4416,tpex,10.55,538.0
2026-08-10,4417,tpex,44.95,136.0
2026-08-10,4419,tpex,46.15,0.0
2026-08-10,4420,tpex,35.4,587.0
2026-08-10,4426,twse,7.92,1031.0
2026-08-10,4430,tpex,17.4,59.0
2026-08-10,4432,tpex,16.1,457.0
2026-08-10,4433,tpex,19.6,291.0
2026-08-10,4438,twse,60.8,763.0
2026-08-10,4439,twse,104.5,228.0
2026-08-10,4440,twse,18.3,147.0
2026-08-10,4441,twse,198.5,211.0
2026-08-10,4442,tpex,52.1,190.0
2026-08-10,4502,tpex,15.7,488.0
2026-08-10,4503,tpex,27.15,1997.0
2026-08-10,4506,tpex,121.5,2.0
2026-08-10,4510,tpex,40.85,4500.0
2026-08-10,4513,tpex,17.75,2546.0
2026-08-10,4523,tpex,25.75,940.0
2026-08-10,4526,twse,30.4,5475.0
2026-08-10,4527,tpex,40.6,87.0
2026-08-10,4528,tpex,15.2,205.0
2026-08-10,4529,tpex,4.26,0.0
2026-08-10,4530,tpex,25.6,46.0
2026-08-10,4532,twse,24.0,2312.0
2026-08-10,4533,tpex,25.5,8174.0
2026-08-10,4534,tpex,35.2,0.0
2026-08-10,4535,tpex,29.3,206.0
2026-08-10,4536,twse,171.5,706.0
2026-08-10,4538,tpex,17.5,499.0
2026-08-10,4540,twse,59.8,3837.0
2026-08-10,4541,tpex,65.4,3688.0
2026-08-10,4542,tpex,292.5,5151.0
2026-08-10,4543,tpex,31.9,945.0
2026-08-10,4545,twse,33.0,1192.0
2026-08-10,4549,tpex,90.9,636.0
2026-08-10,4550,tpex,24.4,148.0
2026-08-10,4551,twse,174.0,2507.0
2026-08-10,4552,twse,17.6,2430.0
2026-08-10,4554,tpex,31.0,70.0
2026-08-10,4555,twse,48.7,2208.0
2026-08-10,4556,tpex,83.8,473.0
2026-08-10,4557,twse,49.35,356.0
2026-08-10,4558,tpex,18.5,239.0
2026-08-10,4560,twse,32.4,280.0
2026-08-10,4561,tpex,42.85,944.0
2026-08-10,4562,twse,32.5,1832.0
2026-08-10,4563,tpex,39.6,810.0
2026-08-10,4564,twse,16.85,10361.0
2026-08-10,4566,twse,74.8,4448.0
2026-08-10,4568,tpex,40.25,43.0
2026-08-10,4569,twse,170.5,746.0
2026-08-10,4571,twse,173.0,1113.0
2026-08-10,4572,twse,142.0,326.0
2026-08-10,4576,twse,226.5,2663.0
2026-08-10,4577,tpex,78.5,1038.0
2026-08-10,4580,tpex,82.4,103.0
2026-08-10,4581,twse,51.7,25.0
2026-08-10,4582,twse,28.95,0.0
2026-08-10,4583,twse,501.0,2952.0
2026-08-10,4584,tpex,40.0,0.0
2026-08-10,4585,twse,316.0,596.0
2026-08-10,4588,twse,52.3,390.0
2026-08-10,4590,twse,83.1,0.0
2026-08-10,4609,tpex,4.96,0.0
2026-08-10,4702,tpex,9.7,998.0
2026-08-10,4706,tpex,31.6,60.0
2026-08-10,4707,tpex,31.95,14437.0
2026-08-10,4711,tpex,16.2,633.0
2026-08-10,4714,tpex,10.55,5956.0
2026-08-10,4716,tpex,17.3,13680.0
2026-08-10,4720,twse,19.9,3266.0
2026-08-10,4721,tpex,73.7,1876.0
2026-08-10,4722,twse,215.5,11741.0
2026-08-10,4726,tpex,24.55,138.0
2026-08-10,4728,tpex,383.5,1847.0
2026-08-10,4729,tpex,20.5,1164.0
2026-08-10,4735,tpex,34.15,294.0
2026-08-10,4736,twse,130.5,228.0
2026-08-10,4737,twse,55.7,1588.0
2026-08-10,4739,twse,87.0,8233.0
2026-08-10,4741,tpex,44.5,1416.0
2026-08-10,4743,tpex,45.45,13778.0
2026-08-10,4744,tpex,28.75,2767.0
2026-08-10,4745,tpex,12.2,130.0
2026-08-10,4746,twse,54.4,2001.0
2026-08-10,4747,tpex,54.1,1548.0
2026-08-10,4749,tpex,786.0,4163.0
2026-08-10,4754,tpex,37.35,93.0
2026-08-10,4755,twse,118.5,991.0
2026-08-10,4760,tpex,245.0,2115.0
2026-08-10,4763,twse,50.0,41960.0
2026-08-10,4764,twse,232.0,4550.0
2026-08-10,4766,twse,338.5,1084.0
2026-08-10,4767,tpex,26.45,5.0
2026-08-10,4768,tpex,320.0,2674.0
2026-08-10,4770,twse,221.0,960.0
2026-08-10,4771,twse,209.0,513.0
2026-08-10,4772,tpex,256.0,3483.0
2026-08-10,4804,tpex,0.0,0.0
2026-08-10,4806,tpex,10.3,0.0
2026-08-10,4807,twse,32.55,1240.0
2026-08-10,4903,tpex,41.8,4328.0
2026-08-10,4904,twse,101.5,819.0
2026-08-10,4905,tpex,68.2,121.0
2026-08-10,4906,twse,35.6,28274.0
2026-08-10,4907,tpex,45.2,948.0
2026-08-10,4908,tpex,155.0,2672.0
2026-08-10,4909,tpex,38.65,3955.0
2026-08-10,4911,tpex,28.5,210.0
2026-08-10,4912,twse,89.8,3665.0
2026-08-10,4915,twse,60.7,4402.0
2026-08-10,4916,twse,104.0,7715.0
2026-08-10,4919,twse,127.5,12796.0
2026-08-10,4923,tpex,49.85,1977.0
2026-08-10,4924,tpex,10.0,1331.0
2026-08-10,4927,twse,33.8,23377.0
2026-08-10,4930,twse,16.3,3809.0
2026-08-10,4931,tpex,238.0,8664.0
2026-08-10,4933,tpex,55.1,1113.0
2026-08-10,4934,twse,14.35,0.0
2026-08-10,4935,twse,34.9,615.0
2026-08-10,4938,twse,89.5,4878.0
2026-08-10,4939,tpex,61.3,6537.0
2026-08-10,4942,twse,34.4,647.0
2026-08-10,4943,twse,8.73,0.0
2026-08-10,4946,tpex,84.2,43.0
2026-08-10,4949,twse,72.5,2870.0
2026-08-10,4950,tpex,15.7,0.0
2026-08-10,4951,tpex,79.4,835.0
2026-08-10,4952,twse,49.7,1348.0
2026-08-10,4953,tpex,127.0,896.0
2026-08-10,4956,twse,31.4,5249.0
2026-08-10,4958,twse,470.5,32057.0
2026-08-10,4960,twse,20.9,15368.0
2026-08-10,4961,twse,174.0,1332.0
2026-08-10,4966,tpex,600.0,3562.0
2026-08-10,4967,twse,280.5,7846.0
2026-08-10,4968,twse,96.0,5150.0
2026-08-10,4971,tpex,502.0,4046.0
2026-08-10,4972,tpex,16.6,110.0
2026-08-10,4973,tpex,162.0,3140.0
2026-08-10,4974,tpex,69.7,829.0
2026-08-10,4976,twse,36.15,5003.0
2026-08-10,4977,twse,144.5,6208.0
2026-08-10,4979,tpex,536.0,11983.0
2026-08-10,4989,twse,67.5,14484.0
2026-08-10,4991,tpex,511.0,7020.0
2026-08-10,4994,twse,86.9,2363.0
2026-08-10,4995,tpex,49.65,2009.0
2026-08-10,4999,twse,19.3,405.0
2026-08-10,5007,twse,56.1,8.0
2026-08-10,5009,tpex,33.45,7894.0
2026-08-10,5011,tpex,18.5,8190.0
2026-08-10,5013,tpex,25.9,7.0
2026-08-10,5014,tpex,11.1,2444.0
2026-08-10,5015,tpex,22.1,130.0
2026-08-10,5016,tpex,24.4,244.0
2026-08-10,5201,tpex,25.85,6874.0
2026-08-10,5202,tpex,12.35,2050.0
2026-08-10,5203,twse,66.3,1100.0
2026-08-10,5205,tpex,21.85,0.0
2026-08-10,5206,tpex,22.35,1064.0
2026-08-10,5209,tpex,161.5,43.0
2026-08-10,5210,tpex,28.0,5071.0
2026-08-10,5211,tpex,20.4,353.0
2026-08-10,5212,tpex,47.45,79.0
2026-08-10,5213,tpex,21.0,3032.0
2026-08-10,5215,twse,38.2,657.0
2026-08-10,5220,tpex,20.5,289.0
2026-08-10,5222,twse,117.0,1858.0
2026-08-10,5223,tpex,23.75,272.0
2026-08-10,5225,twse,66.7,1256.0
2026-08-10,5227,tpex,34.0,18.0
2026-08-10,5228,tpex,41.6,536.0
2026-08-10,5230,tpex,17.95,936.0
2026-08-10,5234,twse,333.0,1500.0
2026-08-10,5236,twse,144.0,206.0
2026-08-10,5243,twse,88.7,9239.0
2026-08-10,5244,twse,33.45,2356.0
2026-08-10,5245,tpex,23.9,929.0
2026-08-10,5251,tpex,25.6,1589.0
2026-08-10,5258,twse,53.2,3901.0
2026-08-10,5263,tpex,92.7,4509.0
2026-08-10,5269,twse,1400.0,1956.0
2026-08-10,5272,tpex,18.1,683.0
2026-08-10,5274,tpex,16540.0,142.0
2026-08-10,5276,tpex,19.75,0.0
2026-08-10,5278,tpex,24.8,1270.0
2026-08-10,5283,twse,53.7,70.0
2026-08-10,5284,twse,307.5,3731.0
2026-08-10,5285,twse,77.9,4640.0
2026-08-10,5287,tpex,146.5,212.0
2026-08-10,5288,twse,197.5,2610.0
2026-08-10,5289,tpex,1465.0,4624.0
2026-08-10,5291,tpex,56.2,4300.0
2026-08-10,5292,twse,178.5,865.0
2026-08-10,5299,tpex,102.0,842.0
2026-08-10,5301,tpex,5.34,0.0
2026-08-10,5302,tpex,11.15,0.0
2026-08-10,5306,twse,97.0,588.0
2026-08-10,5309,tpex,55.8,9591.0
2026-08-10,5310,tpex,25.0,0.0
2026-08-10,5312,tpex,89.5,542.0
2026-08-10,5314,tpex,62.3,14361.0
2026-08-10,5315,tpex,19.25,2524.0
2026-08-10,5321,tpex,56.1,1600.0
2026-08-10,5324,tpex,12.3,0.0
2026-08-10,5328,tpex,62.5,6869.0
2026-08-10,5340,tpex,73.0,5687.0
2026-08-10,5344,tpex,14.15,0.0
2026-08-10,5345,tpex,22.7,0.0
2026-08-10,5347,tpex,157.5,13661.0
2026-08-10,5351,tpex,114.0,13256.0
2026-08-10,5353,tpex,28.6,1358.0
2026-08-10,5355,tpex,6.08,0.0
2026-08-10,5356,tpex,25.0,5518.0
2026-08-10,5364,tpex,8.81,1291.0
2026-08-10,5371,tpex,85.6,14830.0
2026-08-10,5381,tpex,24.65,3903.0
2026-08-10,5386,tpex,298.0,1742.0
2026-08-10,5388,twse,93.6,5152.0
2026-08-10,5392,tpex,47.1,8534.0
2026-08-10,5398,tpex,14.0,3401.0
2026-08-10,5403,tpex,92.6,67.0
2026-08-10,5410,tpex,34.2,1904.0
2026-08-10,5425,tpex,84.3,10103.0
2026-08-10,5426,tpex,28.0,2501.0
2026-08-10,5432,tpex,112.0,699.0
2026-08-10,5434,twse,514.0,1036.0
2026-08-10,5438,tpex,17.65,997.0
2026-08-10,5439,tpex,241.0,6128.0
2026-08-10,5443,tpex,104.5,4657.0
2026-08-10,5450,tpex,15.5,442.0
2026-08-10,5452,tpex,27.2,3291.0
2026-08-10,5455,tpex,28.7,112.0
2026-08-10,5457,tpex,28.8,5377.0
2026-08-10,5460,tpex,16.4,969.0
2026-08-10,5464,tpex,61.7,8546.0
2026-08-10,5465,tpex,21.6,1230.0
2026-08-10,5468,tpex,27.8,0.0
2026-08-10,5469,twse,75.9,13425.0
2026-08-10,5471,twse,56.7,4338.0
2026-08-10,5474,tpex,149.5,1130.0
2026-08-10,5475,tpex,125.0,0.0
2026-08-10,5478,tpex,99.5,350.0
2026-08-10,5481,tpex,19.65,5165.0
2026-08-10,5483,tpex,169.5,15598.0
2026-08-10,5484,twse,45.35,0.0
2026-08-10,5487,tpex,29.25,1737.0
2026-08-10,5488,tpex,13.45,2807.0
2026-08-10,5489,tpex,42.65,603.0
2026-08-10,5490,tpex,31.4,3086.0
2026-08-10,5493,tpex,80.0,2421.0
2026-08-10,5498,tpex,50.6,4508.0
2026-08-10,5508,tpex,54.7,2909.0
2026-08-10,5511,tpex,71.5,542.0
2026-08-10,5512,tpex,7.81,4276.0
2026-08-10,5514,tpex,0.0,42.0
2026-08-10,5515,twse,44.45,2153.0
2026-08-10,5516,tpex,13.1,0.0
2026-08-10,5519,twse,27.85,842.0
2026-08-10,5520,tpex,83.9,4.0
2026-08-10,5521,twse,10.35,13206.0
2026-08-10,5522,twse,65.1,999.0
2026-08-10,5523,tpex,30.35,3.0
2026-08-10,5525,twse,22.05,319.0
2026-08-10,5529,tpex,21.45,1768.0
2026-08-10,5530,tpex,49.85,2045.0
2026-08-10,5531,twse,7.59,3822.0
2026-08-10,5533,twse,14.0,486.0
2026-08-10,5534,twse,78.3,3349.0
2026-08-10,5536,tpex,1045.0,815.0
2026-08-10,5538,twse,35.4,60.0
2026-08-10,5543,tpex,26.3,0.0
2026-08-10,5546,twse,14.1,22.0
2026-08-10,5547,tpex,19.7,15.0
2026-08-10,5548,tpex,20.3,30.0
2026-08-10,5601,tpex,29.3,1.0
2026-08-10,5603,tpex,14.15,2813.0
2026-08-10,5604,tpex,30.4,18.0
2026-08-10,5607,twse,49.35,1825.0
2026-08-10,5608,twse,14.1,3736.0
2026-08-10,5609,tpex,79.4,99.0
2026-08-10,5701,tpex,4.38,0.0
2026-08-10,5703,tpex,14.35,0.0
2026-08-10,5704,tpex,21.6,56.0
2026-08-10,5706,twse,45.6,702.0
2026-08-10,5864,tpex,29.55,8667.0
2026-08-10,5871,twse,109.0,4173.0
2026-08-10,5876,twse,43.35,719.0
2026-08-10,5878,tpex,38.25,0.0
2026-08-10,5880,twse,26.1,2873.0
2026-08-10,5902,tpex,34.35,6485.0
2026-08-10,5903,tpex,185.0,9.0
2026-08-10,5904,tpex,79.2,5935.0
2026-08-10,5905,tpex,8.2,2045.0
2026-08-10,5906,twse,40.7,21.0
2026-08-10,5907,twse,4.91,5489.0
2026-08-10,6005,twse,33.8,5764.0
2026-08-10,6015,tpex,14.95,5298.0
2026-08-10,6016,tpex,18.4,5142.0
2026-08-10,6020,tpex,20.55,379.0
2026-08-10,6021,tpex,35.0,403.0
2026-08-10,6023,tpex,86.4,497.0
2026-08-10,6024,twse,62.1,343.0
2026-08-10,6026,tpex,13.9,3330.0
2026-08-10,6028,tpex,85.3,0.0
2026-08-10,6101,tpex,35.7,8401.0
2026-08-10,6103,tpex,28.5,10.0
2026-08-10,6104,tpex,94.5,4729.0
2026-08-10,6108,twse,18.7,1725.0
2026-08-10,6109,tpex,11.2,4.0
2026-08-10,6111,tpex,37.5,2350.0
2026-08-10,6112,twse,46.65,2851.0
2026-08-10,6113,tpex,24.35,998.0
2026-08-10,6114,tpex,26.85,1104.0
2026-08-10,6115,twse,45.25,29.0
2026-08-10,6116,twse,14.9,37525.0
2026-08-10,6117,twse,66.3,2365.0
2026-08-10,6118,tpex,15.6,2172.0
2026-08-10,6120,twse,13.3,7549.0
2026-08-10,6121,tpex,395.0,447.0
2026-08-10,6122,tpex,47.6,1194.0
2026-08-10,6123,tpex,43.25,267.0
2026-08-10,6124,tpex,27.1,347.0
2026-08-10,6125,tpex,50.0,6823.0
2026-08-10,6126,tpex,30.75,2722.0
2026-08-10,6127,tpex,50.3,4102.0
2026-08-10,6128,twse,20.25,1400.0
2026-08-10,6129,tpex,14.65,53.0
2026-08-10,6130,tpex,25.35,3929.0
2026-08-10,6133,twse,21.65,3012.0
2026-08-10,6134,tpex,27.85,4362.0
2026-08-10,6136,twse,25.25,2828.0
2026-08-10,6138,tpex,288.5,1475.0
2026-08-10,6139,twse,808.0,8437.0
2026-08-10,6140,tpex,17.15,825.0
2026-08-10,6141,twse,34.7,34.0
2026-08-10,6142,twse,9.63,0.0
2026-08-10,6143,tpex,90.8,3895.0
2026-08-10,6144,tpex,13.25,0.0
2026-08-10,6146,tpex,192.0,638.0
2026-08-10,6147,tpex,154.0,32058.0
2026-08-10,6148,tpex,28.6,2479.0
2026-08-10,6150,tpex,60.6,2466.0
2026-08-10,6151,tpex,35.2,1484.0
2026-08-10,6152,twse,14.35,0.0
2026-08-10,6153,twse,16.6,13501.0
2026-08-10,6154,tpex,13.65,417.0
2026-08-10,6155,twse,53.2,2789.0
2026-08-10,6156,tpex,20.8,4894.0
2026-08-10,6158,tpex,16.7,1490.0
2026-08-10,6160,tpex,14.15,436.0
2026-08-10,6161,tpex,53.1,746.0
2026-08-10,6163,tpex,42.0,16677.0
2026-08-10,6164,twse,11.8,3881.0
2026-08-10,6165,twse,50.9,13177.0
2026-08-10,6166,twse,143.0,3731.0
2026-08-10,6167,tpex,10.6,2969.0
2026-08-10,6168,twse,25.05,4281.0
2026-08-10,6169,tpex,12.95,31.0
2026-08-10,6170,tpex,46.75,2011.0
2026-08-10,6171,tpex,24.55,269.0
2026-08-10,6173,tpex,168.5,7756.0
2026-08-10,6174,tpex,42.1,1117.0
2026-08-10,6175,tpex,75.6,3669.0
2026-08-10,6176,twse,82.3,6359.0
2026-08-10,6177,twse,48.5,2570.0
2026-08-10,6179,tpex,27.9,18960.0
2026-08-10,6180,tpex,41.85,2325.0
2026-08-10,6182,tpex,93.0,57164.0
2026-08-10,6183,twse,92.9,9.0
2026-08-10,6184,twse,42.2,454.0
2026-08-10,6185,tpex,13.7,1172.0
2026-08-10,6186,tpex,35.95,997.0
2026-08-10,6187,tpex,1090.0,3026.0
2026-08-10,6188,tpex,72.1,7583.0
2026-08-10,6189,twse,49.05,2331.0
2026-08-10,6190,tpex,68.8,7677.0
2026-08-10,6191,twse,87.2,18801.0
2026-08-10,6192,twse,116.0,731.0
2026-08-10,6194,tpex,30.0,1728.0
2026-08-10,6195,tpex,29.0,26.0
2026-08-10,6196,twse,507.0,1546.0
2026-08-10,6197,twse,309.0,5509.0
2026-08-10,6198,tpex,19.5,0.0
2026-08-10,6199,tpex,97.7,6268.0
2026-08-10,6201,twse,45.45,38.0
2026-08-10,6202,twse,63.8,4873.0
2026-08-10,6203,tpex,61.0,573.0
2026-08-10,6204,tpex,80.9,691.0
2026-08-10,6205,twse,61.5,3680.0
2026-08-10,6206,twse,158.0,2972.0
2026-08-10,6207,tpex,107.0,4683.0
2026-08-10,6208,tpex,81.7,1623.0
2026-08-10,6209,twse,74.0,12861.0
2026-08-10,6210,tpex,17.05,34.0
2026-08-10,6212,tpex,0.0,10.0
2026-08-10,6213,twse,427.5,22795.0
2026-08-10,6214,twse,144.5,2045.0
2026-08-10,6215,twse,102.5,5141.0
2026-08-10,6216,twse,21.9,684.0
2026-08-10,6217,tpex,165.0,13857.0
2026-08-10,6218,tpex,36.1,1874.0
2026-08-10,6219,tpex,12.55,7428.0
2026-08-10,6220,tpex,25.75,2428.0
2026-08-10,6221,tpex,21.0,7537.0
2026-08-10,6222,tpex,20.3,32.0
2026-08-10,6223,tpex,6225.0,847.0
2026-08-10,6224,twse,56.0,1707.0
2026-08-10,6225,twse,27.7,0.0
2026-08-10,6226,twse,21.4,3109.0
2026-08-10,6227,tpex,125.0,1576.0
2026-08-10,6228,tpex,17.55,63.0
2026-08-10,6229,tpex,23.55,1220.0
2026-08-10,6230,twse,110.0,467.0
2026-08-10,6231,tpex,216.0,2400.0
2026-08-10,6233,tpex,21.75,2769.0
2026-08-10,6234,tpex,37.45,2986.0
2026-08-10,6235,twse,39.75,4368.0
2026-08-10,6237,tpex,34.4,3415.0
2026-08-10,6239,twse,288.5,22310.0
2026-08-10,6240,tpex,19.1,504.0
2026-08-10,6241,tpex,14.6,0.0
2026-08-10,6242,tpex,34.3,0.0
2026-08-10,6243,twse,45.7,2138.0
2026-08-10,6244,tpex,24.1,11281.0
2026-08-10,6245,tpex,88.6,2394.0
2026-08-10,6246,tpex,12.3,576.0
2026-08-10,6248,tpex,17.9,632.0
2026-08-10,6257,twse,207.5,10542.0
2026-08-10,6259,tpex,30.25,800.0
2026-08-10,6261,tpex,78.5,3744.0
2026-08-10,6263,tpex,161.0,485.0
2026-08-10,6264,tpex,6.06,0.0
2026-08-10,6265,tpex,55.8,6647.0
2026-08-10,6266,tpex,24.95,1132.0
2026-08-10,6269,twse,65.9,9891.0
2026-08-10,6270,tpex,30.4,2157.0
2026-08-10,6271,twse,197.0,7574.0
2026-08-10,6272,twse,25.1,49.0
2026-08-10,6274,tpex,1460.0,9724.0
2026-08-10,6275,tpex,44.35,1846.0
2026-08-10,6276,tpex,20.0,275.0
2026-08-10,6277,twse,80.0,305.0
2026-08-10,6278,twse,171.5,9861.0
2026-08-10,6279,tpex,130.0,2998.0
2026-08-10,6281,twse,51.6,22.0
2026-08-10,6282,twse,50.0,24110.0
2026-08-10,6283,twse,20.15,2271.0
2026-08-10,6284,tpex,76.4,5108.0
2026-08-10,6285,twse,256.0,14157.0
2026-08-10,6290,tpex,214.0,11612.0
2026-08-10,6291,tpex,383.5,1315.0
2026-08-10,6292,tpex,60.2,328.0
2026-08-10,6294,tpex,26.4,102.0
2026-08-10,6405,twse,39.95,5281.0
2026-08-10,6409,twse,1040.0,1157.0
2026-08-10,6411,tpex,77.1,2067.0
2026-08-10,6412,twse,79.4,2898.0
2026-08-10,6414,twse,482.0,2051.0
2026-08-10,6415,twse,465.0,4682.0
2026-08-10,6416,twse,103.5,3792.0
2026-08-10,6417,tpex,114.0,2684.0
2026-08-10,6418,tpex,33.85,915.0
2026-08-10,6419,tpex,145.0,407.0
2026-08-10,6423,tpex,82.4,679.0
2026-08-10,6425,tpex,57.4,2049.0
2026-08-10,6426,twse,217.5,3168.0
2026-08-10,6431,twse,19.6,0.0
2026-08-10,6432,tpex,71.0,2058.0
2026-08-10,6435,tpex,258.5,988.0
2026-08-10,6438,twse,147.0,3738.0
2026-08-10,6441,tpex,23.5,839.0
2026-08-10,6442,twse,1425.0,4630.0
2026-08-10,6443,twse,27.05,7647.0
2026-08-10,6446,twse,1330.0,8660.0
2026-08-10,6449,twse,240.5,2124.0
2026-08-10,6451,twse,456.0,8431.0
2026-08-10,6456,twse,67.6,12561.0
2026-08-10,6461,tpex,15.95,0.0
2026-08-10,6462,tpex,101.5,4005.0
2026-08-10,6464,twse,77.1,1.0
2026-08-10,6465,tpex,47.4,1496.0
2026-08-10,6469,tpex,70.7,714.0
2026-08-10,6470,tpex,42.75,164.0
2026-08-10,6472,twse,431.0,3498.0
2026-08-10,6474,tpex,39.1,109.0
2026-08-10,6477,twse,33.95,3537.0
2026-08-10,6482,tpex,27.7,83.0
2026-08-10,6485,tpex,65.2,2394.0
2026-08-10,6486,tpex,74.8,183.0
2026-08-10,6488,tpex,854.0,10528.0
2026-08-10,6491,twse,379.0,476.0
2026-08-10,6492,tpex,37.45,111.0
2026-08-10,6494,tpex,55.2,863.0
2026-08-10,6496,tpex,24.15,55.0
2026-08-10,6498,tpex,77.0,517.0
2026-08-10,6499,tpex,60.0,5497.0
2026-08-10,6504,twse,39.0,112.0
2026-08-10,6505,twse,69.0,13045.0
2026-08-10,6506,tpex,17.2,257.0
2026-08-10,6508,tpex,26.5,219.0
2026-08-10,6509,tpex,47.7,2886.0
2026-08-10,6510,tpex,2845.0,666.0
2026-08-10,6512,tpex,20.15,0.0
2026-08-10,6515,twse,6830.0,443.0
2026-08-10,6516,tpex,60.7,843.0
2026-08-10,6517,tpex,62.0,1981.0
2026-08-10,6523,tpex,90.8,72.0
2026-08-10,6525,twse,142.0,2195.0
2026-08-10,6526,twse,627.0,1324.0
2026-08-10,6527,tpex,76.2,3.0
2026-08-10,6530,tpex,82.5,2390.0
2026-08-10,6531,twse,923.0,6360.0
2026-08-10,6532,tpex,83.5,2928.0
2026-08-10,6533,twse,250.0,2305.0
2026-08-10,6534,twse,94.1,1759.0
2026-08-10,6535,tpex,90.8,0.0
2026-08-10,6538,tpex,145.5,7520.0
2026-08-10,6541,twse,38.8,3722.0
2026-08-10,6542,tpex,47.5,219.0
2026-08-10,6546,tpex,61.1,2588.0
2026-08-10,6547,tpex,51.9,11705.0
2026-08-10,6548,tpex,75.7,6765.0
2026-08-10,6550,twse,11.25,0.0
2026-08-10,6552,twse,24.9,1071.0
2026-08-10,6556,tpex,61.7,0.0
2026-08-10,6558,twse,26.75,2647.0
2026-08-10,6560,tpex,32.75,435.0
2026-08-10,6561,tpex,327.5,147.0
2026-08-10,6568,tpex,139.5,780.0
2026-08-10,6569,tpex,95.0,301.0
2026-08-10,6570,tpex,57.3,599.0
2026-08-10,6573,twse,16.95,0.0
2026-08-10,6574,tpex,154.0,0.0
2026-08-10,6576,tpex,79.6,0.0
2026-08-10,6577,tpex,80.3,193.0
2026-08-10,6578,tpex,18.6,1732.0
2026-08-10,6579,twse,164.5,1261.0
2026-08-10,6581,twse,108.0,5.0
2026-08-10,6582,twse,32.1,333.0
2026-08-10,6584,tpex,522.0,1663.0
2026-08-10,6585,twse,117.5,1932.0
2026-08-10,6588,tpex,90.5,2326.0
2026-08-10,6589,twse,50.7,2874.0
2026-08-10,6590,tpex,64.4,0.0
2026-08-10,6591,twse,44.9,1741.0
2026-08-10,6592,twse,60.7,688.0
2026-08-10,6593,tpex,32.45,1582.0
2026-08-10,6596,tpex,87.3,621.0
2026-08-10,6597,tpex,67.8,0.0
2026-08-10,6598,twse,29.4,0.0
2026-08-10,6603,tpex,26.85,8597.0
2026-08-10,6605,twse,133.5,2533.0
2026-08-10,6606,twse,26.4,612.0
2026-08-10,6609,tpex,39.65,1671.0
2026-08-10,6612,tpex,74.8,513.0
2026-08-10,6613,tpex,267.0,804.0
2026-08-10,6614,twse,35.85,72.0
2026-08-10,6615,tpex,34.0,7.0
2026-08-10,6616,tpex,8.65,1013.0
2026-08-10,6617,tpex,105.5,969.0
2026-08-10,6620,tpex,78.6,1764.0
2026-08-10,6624,tpex,43.55,160.0
2026-08-10,6625,twse,77.1,848.0
2026-08-10,6629,tpex,110.5,1231.0
2026-08-10,6637,tpex,62.0,86.0
2026-08-10,6640,tpex,1005.0,620.0
2026-08-10,6641,twse,18.2,100.0
2026-08-10,6642,tpex,83.3,1454.0
2026-08-10,6643,tpex,441.0,1964.0
2026-08-10,6645,twse,13.3,11.0
2026-08-10,6649,tpex,36.35,1233.0
2026-08-10,6651,tpex,135.0,1432.0
2026-08-10,6654,tpex,175.5,3355.0
2026-08-10,6655,twse,117.5,1.0
2026-08-10,6657,twse,31.0,1292.0
2026-08-10,6658,twse,161.5,1479.0
2026-08-10,6662,tpex,28.8,0.0
2026-08-10,6664,tpex,348.0,1442.0
2026-08-10,6666,twse,43.25,284.0
2026-08-10,6667,tpex,235.5,1227.0
2026-08-10,6668,twse,35.25,2815.0
2026-08-10,6669,twse,6010.0,1312.0
2026-08-10,6670,twse,266.5,389.0
2026-08-10,6671,twse,22.65,84.0
2026-08-10,6672,twse,251.5,6294.0
2026-08-10,6674,twse,15.15,244.0
2026-08-10,6679,tpex,215.5,1078.0
2026-08-10,6680,tpex,52.9,0.0
2026-08-10,6683,tpex,1230.0,1882.0
2026-08-10,6684,tpex,50.2,1608.0
2026-08-10,6689,twse,64.1,1235.0
2026-08-10,6690,tpex,164.0,88.0
2026-08-10,6691,twse,732.0,1460.0
2026-08-10,6692,tpex,24.25,418.0
2026-08-10,6693,tpex,184.0,3873.0
2026-08-10,6695,twse,49.05,3521.0
2026-08-10,6697,tpex,40.0,58.0
2026-08-10,6698,twse,34.05,1946.0
2026-08-10,6703,tpex,106.5,35.0
2026-08-10,6706,twse,115.0,8049.0
2026-08-10,6708,tpex,38.8,18.0
2026-08-10,6712,tpex,156.5,1435.0
2026-08-10,6715,twse,363.5,6988.0
2026-08-10,6716,tpex,105.0,1045.0
2026-08-10,6719,twse,205.5,3620.0
2026-08-10,6720,tpex,138.5,1660.0
2026-08-10,6721,tpex,52.1,0.0
2026-08-10,6722,twse,33.25,69.0
2026-08-10,6725,tpex,247.5,266.0
2026-08-10,6727,tpex,388.0,4155.0
2026-08-10,6728,tpex,105.5,116.0
2026-08-10,6730,tpex,34.5,3.0
2026-08-10,6732,tpex,155.5,687.0
2026-08-10,6733,tpex,25.95,0.0
2026-08-10,6735,tpex,65.4,619.0
2026-08-10,6739,tpex,1050.0,871.0
2026-08-10,6741,tpex,56.0,1252.0
2026-08-10,6742,twse,44.1,1931.0
2026-08-10,6743,twse,25.95,516.0
2026-08-10,6751,tpex,41.55,84.0
2026-08-10,6752,tpex,98.6,419.0
2026-08-10,6753,twse,142.0,5501.0
2026-08-10,6754,twse,42.6,129.0
2026-08-10,6756,twse,99.9,578.0
2026-08-10,6757,twse,55.6,3545.0
2026-08-10,6761,tpex,168.0,3079.0
2026-08-10,6762,tpex,176.0,0.0
2026-08-10,6763,tpex,43.35,1937.0
2026-08-10,6767,tpex,24.9,0.0
2026-08-10,6768,twse,67.1,1239.0
2026-08-10,6770,twse,67.6,146770.0
2026-08-10,6771,twse,38.0,114.0
2026-08-10,6776,twse,54.0,678.0
2026-08-10,6781,twse,1195.0,2397.0
2026-08-10,6782,twse,214.0,406.0
2026-08-10,6785,tpex,101.0,865.0
2026-08-10,6788,tpex,355.0,2571.0
2026-08-10,6789,twse,441.5,4832.0
2026-08-10,6790,twse,38.25,585.0
2026-08-10,6791,tpex,102.5,149.0
2026-08-10,6792,twse,58.1,269.0
2026-08-10,6794,twse,74.7,275.0
2026-08-10,6796,twse,59.8,593.0
2026-08-10,6799,twse,88.0,2046.0
2026-08-10,6803,tpex,271.5,26.0
2026-08-10,6804,tpex,20.3,292.0
2026-08-10,6805,twse,1755.0,2871.0
2026-08-10,6807,twse,37.9,152.0
2026-08-10,6811,tpex,235.0,627.0
2026-08-10,6821,tpex,42.2,1102.0
2026-08-10,6823,tpex,64.9,837.0
2026-08-10,6829,tpex,200.0,856.0
2026-08-10,6830,twse,424.5,3864.0
2026-08-10,6831,twse,619.0,718.0
2026-08-10,6834,twse,96.6,3315.0
2026-08-10,6835,twse,31.0,792.0
2026-08-10,6838,twse,23.35,2560.0
2026-08-10,6840,tpex,66.0,499.0
2026-08-10,6841,tpex,56.4,1614.0
2026-08-10,6843,tpex,39.45,112.0
2026-08-10,6844,tpex,60.6,0.0
2026-08-10,6846,tpex,60.5,0.0
2026-08-10,6854,twse,94.2,2427.0
2026-08-10,6855,tpex,117.5,0.0
2026-08-10,6859,tpex,99.7,620.0
2026-08-10,6861,twse,220.5,1744.0
2026-08-10,6862,twse,149.0,919.0
2026-08-10,6863,twse,132.5,1000.0
2026-08-10,6865,tpex,25.5,81.0
2026-08-10,6869,twse,70.2,2782.0
2026-08-10,6870,tpex,254.0,1274.0
2026-08-10,6872,tpex,16.0,0.0
2026-08-10,6873,twse,79.0,3473.0
2026-08-10,6874,tpex,79.8,234.0
2026-08-10,6875,tpex,33.0,0.0
2026-08-10,6877,tpex,127.5,8018.0
2026-08-10,6881,tpex,202.5,0.0
2026-08-10,6884,tpex,31.9,0.0
2026-08-10,6885,twse,20.55,2357.0
2026-08-10,6887,twse,36.05,967.0
2026-08-10,6890,twse,174.5,782.0
2026-08-10,6894,tpex,346.5,483.0
2026-08-10,6895,tpex,118.5,922.0
2026-08-10,6899,tpex,50.7,210.0
2026-08-10,6901,twse,16.3,7324.0
2026-08-10,6902,twse,127.5,587.0
2026-08-10,6903,tpex,315.0,1455.0
2026-08-10,6904,tpex,122.0,0.0
2026-08-10,6906,twse,71.0,491.0
2026-08-10,6907,tpex,189.5,784.0
2026-08-10,6908,twse,32.9,0.0
2026-08-10,6909,twse,41.85,1447.0
2026-08-10,6910,tpex,25.0,21.0
2026-08-10,6913,tpex,146.0,1333.0
2026-08-10,6914,twse,148.0,360.0
2026-08-10,6916,twse,18.85,387.0
2026-08-10,6918,twse,72.8,88.0
2026-08-10,6919,twse,111.0,0.0
2026-08-10,6921,twse,65.2,0.0
2026-08-10,6922,tpex,204.0,325.0
2026-08-10,6923,twse,76.7,1728.0
2026-08-10,6924,twse,109.0,0.0
2026-08-10,6925,tpex,54.4,252.0
2026-08-10,6928,twse,48.2,777.0
2026-08-10,6929,tpex,22.85,0.0
2026-08-10,6931,twse,38.6,104.0
2026-08-10,6933,twse,180.5,914.0
2026-08-10,6934,twse,72.0,0.0
2026-08-10,6936,twse,32.0,242.0
2026-08-10,6937,twse,270.5,1498.0
2026-08-10,6944,twse,755.0,874.0
2026-08-10,6945,tpex,108.0,0.0
2026-08-10,6947,twse,78.4,0.0
2026-08-10,6949,twse,948.0,5303.0
2026-08-10,6951,twse,71.4,77.0
2026-08-10,6952,twse,39.7,59.0
2026-08-10,6953,tpex,223.0,236.0
2026-08-10,6955,twse,124.5,0.0
2026-08-10,6957,twse,214.0,1674.0
2026-08-10,6958,twse,18.65,124.0
2026-08-10,6961,tpex,51.7,5.0
2026-08-10,6962,twse,34.15,8556.0
2026-08-10,6965,twse,77.0,42.0
2026-08-10,6967,tpex,69.3,353.0
2026-08-10,6968,tpex,44.15,282.0
2026-08-10,6969,twse,34.3,0.0
2026-08-10,6971,tpex,25.6,76.0
2026-08-10,6982,tpex,49.2,307.0
2026-08-10,6983,tpex,302.0,0.0
2026-08-10,6986,tpex,44.5,0.0
2026-08-10,6988,twse,12.55,0.0
2026-08-10,6994,twse,36.95,2981.0
2026-08-10,6996,tpex,178.0,348.0
2026-08-10,7402,tpex,103.0,2171.0
2026-08-10,7547,tpex,57.1,300.0
2026-08-10,7556,tpex,223.0,539.0
2026-08-10,7584,tpex,25.7,28.0
2026-08-10,7610,twse,1950.0,0.0
2026-08-10,7631,twse,138.5,101.0
2026-08-10,7642,tpex,79.7,82.0
2026-08-10,7689,twse,171.5,0.0
2026-08-10,7703,tpex,185.0,486.0
2026-08-10,7704,tpex,64.2,663.0
2026-08-10,7705,twse,31.2,96.0
2026-08-10,7708,tpex,93.5,0.0
2026-08-10,7709,tpex,73.5,258.0
2026-08-10,7711,twse,405.0,975.0
2026-08-10,7712,tpex,148.0,1137.0
2026-08-10,7713,tpex,69.5,0.0
2026-08-10,7714,tpex,150.0,651.0
2026-08-10,7715,tpex,33.7,556.0
2026-08-10,7716,tpex,24.1,0.0
2026-08-10,7717,tpex,437.0,374.0
2026-08-10,7718,tpex,47.5,112.0
2026-08-10,7721,twse,62.9,1142.0
2026-08-10,7722,twse,293.5,541.0
2026-08-10,7723,tpex,21.95,187.0
2026-08-10,7728,tpex,608.0,593.0
2026-08-10,7730,twse,156.0,512.0
2026-08-10,7732,twse,36.1,75.0
2026-08-10,7734,tpex,3455.0,625.0
2026-08-10,7736,twse,70.0,68.0
2026-08-10,7738,tpex,169.5,91.0
2026-08-10,7740,twse,177.0,1902.0
2026-08-10,7743,tpex,20.9,0.0
2026-08-10,7744,tpex,467.5,115.0
2026-08-10,7747,tpex,115.5,0.0
2026-08-10,7749,twse,355.5,1064.0
2026-08-10,7750,twse,2485.0,596.0
2026-08-10,7751,tpex,1390.0,0.0
2026-08-10,7753,tpex,37.85,83.0
2026-08-10,7757,tpex,91.6,12.0
2026-08-10,7760,twse,33.15,0.0
2026-08-10,7765,twse,225.5,456.0
2026-08-10,7767,tpex,47.85,0.0
2026-08-10,7768,twse,261.5,0.0
2026-08-10,7769,twse,6280.0,323.0
2026-08-10,7770,tpex,39.75,0.0
2026-08-10,7772,tpex,93.5,0.0
2026-08-10,7777,tpex,40.3,2085.0
2026-08-10,7780,twse,16.85,308.0
2026-08-10,7782,tpex,26.0,44.0
2026-08-10,7786,twse,132.0,328.0
2026-08-10,7788,twse,234.5,1928.0
2026-08-10,7791,twse,59.7,19.0
2026-08-10,7792,tpex,214.5,31.0
2026-08-10,7794,tpex,29.3,0.0
2026-08-10,7795,twse,457.0,1217.0
2026-08-10,7799,twse,358.0,1228.0
2026-08-10,7803,twse,19.7,0.0
2026-08-10,7805,tpex,677.0,48.0
2026-08-10,7810,tpex,196.0,41.0
2026-08-10,7811,tpex,71.1,0.0
2026-08-10,7814,tpex,30.55,0.0
2026-08-10,7818,twse,63.0,0.0
2026-08-10,7819,tpex,34.6,0.0
2026-08-10,7820,tpex,121.0,0.0
2026-08-10,7821,twse,41.6,0.0
2026-08-10,7822,twse,873.0,0.0
2026-08-10,7823,twse,83.7,0.0
2026-08-10,7827,twse,160.0,0.0
2026-08-10,7828,tpex,1655.0,0.0
2026-08-10,7835,twse,25.55,0.0
2026-08-10,7839,tpex,45.5,0.0
2026-08-10,7842,tpex,91.6,0.0
2026-08-10,8011,twse,16.5,3375.0
2026-08-10,8016,twse,311.0,1428.0
2026-08-10,8021,twse,434.5,11428.0
2026-08-10,8024,tpex,14.1,47.0
2026-08-10,8027,tpex,182.0,7323.0
2026-08-10,8028,twse,264.0,5005.0
2026-08-10,8032,tpex,37.9,678.0
2026-08-10,8033,twse,172.0,6148.0
2026-08-10,8034,tpex,19.1,3593.0
2026-08-10,8038,tpex,32.85,0.0
2026-08-10,8039,twse,226.0,17277.0
2026-08-10,8040,tpex,76.0,3120.0
2026-08-10,8042,tpex,114.0,4151.0
2026-08-10,8043,tpex,134.5,4156.0
2026-08-10,8044,tpex,27.55,3476.0
2026-08-10,8045,twse,54.8,4950.0
2026-08-10,8046,twse,1130.0,10517.0
2026-08-10,8047,tpex,48.75,2.0
2026-08-10,8048,tpex,52.4,2949.0
2026-08-10,8049,tpex,26.55,265.0
2026-08-10,8050,tpex,68.4,6078.0
2026-08-10,8054,tpex,84.9,6729.0
2026-08-10,8059,tpex,15.45,0.0
2026-08-10,8064,tpex,101.0,6154.0
2026-08-10,8066,tpex,14.85,549.0
2026-08-10,8067,tpex,13.1,0.0
2026-08-10,8068,tpex,18.6,2060.0
2026-08-10,8069,tpex,176.5,9616.0
2026-08-10,8070,twse,48.8,5736.0
2026-08-10,8071,tpex,23.1,2061.0
2026-08-10,8072,twse,26.3,1818.0
2026-08-10,8074,tpex,55.7,3469.0
2026-08-10,8076,tpex,23.5,9302.0
2026-08-10,8080,tpex,27.6,0.0
2026-08-10,8081,twse,268.0,1718.0
2026-08-10,8083,tpex,159.5,16.0
2026-08-10,8084,tpex,48.0,0.0
2026-08-10,8085,tpex,11.35,694.0
2026-08-10,8086,tpex,118.0,9182.0
2026-08-10,8087,tpex,29.45,99.0
2026-08-10,8088,tpex,48.5,3636.0
2026-08-10,8089,tpex,18.15,1734.0
2026-08-10,8091,tpex,239.0,2246.0
2026-08-10,8092,tpex,13.05,0.0
2026-08-10,8093,tpex,22.7,0.0
2026-08-10,8096,tpex,123.0,28114.0
2026-08-10,8097,tpex,51.3,8825.0
2026-08-10,8099,tpex,58.1,12671.0
2026-08-10,8101,twse,11.75,0.0
2026-08-10,8102,tpex,68.8,23.0
2026-08-10,8103,twse,80.3,3406.0
2026-08-10,8104,twse,31.65,3386.0
2026-08-10,8105,twse,16.65,8397.0
2026-08-10,8107,tpex,11.7,1809.0
2026-08-10,8109,tpex,132.5,542.0
2026-08-10,8110,twse,46.2,14626.0
2026-08-10,8111,tpex,58.2,10399.0
2026-08-10,8112,twse,92.4,17158.0
2026-08-10,8114,twse,223.5,1477.0
2026-08-10,8121,tpex,29.45,0.0
2026-08-10,8131,twse,64.6,4636.0
2026-08-10,8147,tpex,126.0,1177.0
2026-08-10,8150,twse,92.9,18032.0
2026-08-10,8155,tpex,308.5,2879.0
2026-08-10,8162,twse,54.4,1564.0
2026-08-10,8163,twse,31.65,2402.0
2026-08-10,8171,tpex,20.2,8134.0
2026-08-10,8176,tpex,9.9,0.0
2026-08-10,8182,tpex,40.0,1733.0
2026-08-10,8183,tpex,30.3,2608.0
2026-08-10,8201,twse,12.0,0.0
2026-08-10,8210,twse,1075.0,2707.0
2026-08-10,8213,twse,30.7,3695.0
2026-08-10,8215,twse,25.55,3106.0
2026-08-10,8222,twse,38.0,3309.0
2026-08-10,8227,tpex,144.0,1924.0
2026-08-10,8234,tpex,73.8,4461.0
2026-08-10,8240,tpex,43.5,1811.0
2026-08-10,8249,twse,42.55,3796.0
2026-08-10,8255,tpex,142.0,2323.0
2026-08-10,8261,twse,179.0,6459.0
2026-08-10,8271,twse,235.5,6383.0
2026-08-10,8272,tpex,64.6,0.0
2026-08-10,8277,tpex,8.01,0.0
2026-08-10,8279,tpex,89.0,129.0
2026-08-10,8284,tpex,62.8,9.0
2026-08-10,8289,tpex,44.65,3169.0
2026-08-10,8291,tpex,41.95,0.0
2026-08-10,8299,tpex,2040.0,11334.0
2026-08-10,8341,twse,77.2,365.0
2026-08-10,8342,tpex,88.0,0.0
2026-08-10,8349,tpex,39.75,1987.0
2026-08-10,8354,tpex,16.65,1840.0
2026-08-10,8358,tpex,346.0,23166.0
2026-08-10,8367,twse,40.45,12.0
2026-08-10,8374,twse,88.9,1496.0
2026-08-10,8383,tpex,69.9,2404.0
2026-08-10,8390,tpex,102.0,2175.0
2026-08-10,8401,tpex,22.9,280.0
2026-08-10,8403,tpex,19.1,521.0
2026-08-10,8404,twse,16.15,3717.0
2026-08-10,8409,tpex,18.1,0.0
2026-08-10,8410,tpex,31.45,922.0
2026-08-10,8411,twse,13.05,31.0
2026-08-10,8415,tpex,38.4,1484.0
2026-08-10,8421,tpex,14.35,833.0
2026-08-10,8422,twse,26.8,24571.0
2026-08-10,8423,tpex,17.85,452.0
2026-08-10,8424,tpex,69.0,3.0
2026-08-10,8426,tpex,21.25,861.0
2026-08-10,8429,twse,6.04,14368.0
2026-08-10,8431,tpex,49.8,2679.0
2026-08-10,8432,tpex,50.8,102.0
2026-08-10,8433,tpex,55.1,184.0
2026-08-10,8435,tpex,53.8,133.0
2026-08-10,8436,tpex,125.5,1476.0
2026-08-10,8437,tpex,9.07,476.0
2026-08-10,8438,twse,66.6,3420.0
2026-08-10,8440,tpex,19.85,1203.0
2026-08-10,8442,twse,44.0,697.0
2026-08-10,8443,twse,11.4,28.0
2026-08-10,8444,tpex,5.5,1.0
2026-08-10,8446,tpex,85.2,244.0
2026-08-10,8450,tpex,15.15,47.0
2026-08-10,8454,twse,274.5,1607.0
2026-08-10,8455,tpex,24.7,0.0
2026-08-10,8462,twse,171.5,1129.0
2026-08-10,8463,twse,20.8,120.0
2026-08-10,8464,twse,379.0,46.0
2026-08-10,8466,twse,16.7,1299.0
2026-08-10,8467,twse,106.0,243.0
2026-08-10,8472,tpex,70.4,294.0
2026-08-10,8473,twse,42.3,3027.0
2026-08-10,8476,twse,20.6,18398.0
2026-08-10,8477,tpex,15.9,0.0
2026-08-10,8478,twse,147.0,1024.0
2026-08-10,8481,twse,40.4,5.0
2026-08-10,8482,twse,49.6,161.0
2026-08-10,8487,twse,72.6,39.0
2026-08-10,8488,twse,10.0,19.0
2026-08-10,8489,tpex,23.05,2855.0
2026-08-10,8499,twse,263.0,581.0
2026-08-10,8905,tpex,34.75,17.0
2026-08-10,8906,tpex,28.95,132.0
2026-08-10,8908,tpex,39.9,83.0
2026-08-10,8916,tpex,43.25,180.0
2026-08-10,8917,tpex,52.5,13.0
2026-08-10,8921,tpex,17.2,0.0
2026-08-10,8923,tpex,19.0,442.0
2026-08-10,8924,tpex,51.5,670.0
2026-08-10,8926,twse,57.0,6557.0
2026-08-10,8927,tpex,20.4,2318.0
2026-08-10,8928,tpex,23.45,579.0
2026-08-10,8929,tpex,13.25,127.0
2026-08-10,8930,tpex,30.1,746.0
2026-08-10,8931,tpex,40.6,5410.0
2026-08-10,8932,tpex,102.0,61418.0
2026-08-10,8933,tpex,4.49,0.0
2026-08-10,8935,tpex,17.55,0.0
2026-08-10,8936,tpex,52.7,9598.0
2026-08-10,8937,tpex,23.65,19432.0
2026-08-10,8938,tpex,53.1,661.0
2026-08-10,8940,twse,15.35,95.0
2026-08-10,8941,tpex,43.4,19.0
2026-08-10,8942,tpex,38.85,706.0
2026-08-10,8996,twse,1075.0,4917.0
2026-08-10,9103,twse,5.28,3443.0
2026-08-10,9105,twse,8.28,46043.0
2026-08-10,9136,twse,11.35,12555.0
2026-08-10,9802,twse,71.3,2080.0
2026-08-10,9902,twse,13.85,3153.0
2026-08-10,9904,twse,24.1,27097.0
2026-08-10,9905,twse,21.35,21.0
2026-08-10,9906,twse,40.2,423.0
2026-08-10,9907,twse,14.85,4162.0
2026-08-10,9908,twse,29.05,127.0
2026-08-10,9910,twse,70.2,2136.0
2026-08-10,9911,twse,82.8,426.0
2026-08-10,9912,twse,12.4,0.0
2026-08-10,9914,twse,86.0,2542.0
2026-08-10,9917,twse,107.5,79.0
2026-08-10,9918,twse,42.5,94.0
2026-08-10,9919,twse,13.95,8286.0
2026-08-10,9921,twse,101.5,1844.0
2026-08-10,9924,twse,38.45,740.0
2026-08-10,9925,twse,40.05,2.0
2026-08-10,9926,twse,49.3,9.0
2026-08-10,9927,twse,68.8,61.0
2026-08-10,9928,twse,18.2,474.0
2026-08-10,9929,twse,11.45,0.0
2026-08-10,9930,twse,62.3,20.0
2026-08-10,9931,twse,33.6,67.0
2026-08-10,9933,twse,38.25,4019.0
2026-08-10,9934,twse,12.0,6137.0
2026-08-10,9935,twse,20.9,1401.0
2026-08-10,9937,twse,55.1,132.0
2026-08-10,9938,twse,42.0,3186.0
2026-08-10,9939,twse,144.5,1054.0
2026-08-10,9940,twse,21.25,1236.0
2026-08-10,9941,twse,85.2,1024.0
2026-08-10,9942,twse,118.5,23.0
2026-08-10,9943,twse,51.6,84.0
2026-08-10,9944,twse,17.6,5525.0
2026-08-10,9945,twse,27.25,19734.0
2026-08-10,9946,twse,18.2,1089.0
2026-08-10,9949,tpex,24.05,5928.0
2026-08-10,9950,tpex,10.5,0.0
2026-08-10,9951,tpex,53.1,206.0
2026-08-10,9955,twse,24.55,1081.0
2026-08-10,9958,twse,116.0,7888.0
2026-08-10,9960,tpex,30.8,772.0
2026-08-10,9962,tpex,10.05,278.0
2026-08-10,TAIEX,index,44928.76,0
2026-08-11,0050,twse,104.6,22632.0
2026-08-11,0051,twse,142.7,2.0
2026-08-11,0052,twse,61.05,12626.0
2026-08-11,0053,twse,237.45,18.0
2026-08-11,0055,twse,43.78,64.0
2026-08-11,0056,twse,52.3,6898.0
2026-08-11,0057,twse,313.1,0.0
2026-08-11,0061,twse,25.0,13.0
2026-08-11,1101,twse,24.65,33340.0
2026-08-11,1102,twse,32.45,1629.0
2026-08-11,1103,twse,13.2,4289.0
2026-08-11,1104,twse,26.65,1694.0
2026-08-11,1108,twse,11.85,423.0
2026-08-11,1109,twse,13.55,269.0
2026-08-11,1110,twse,16.3,2507.0
2026-08-11,1201,twse,12.15,1417.0
2026-08-11,1203,twse,45.95,22.0
2026-08-11,1210,twse,53.9,571.0
2026-08-11,1213,twse,7.77,0.0
2026-08-11,1215,twse,109.0,419.0
2026-08-11,1216,twse,75.9,1036.0
2026-08-11,1217,twse,9.86,1614.0
2026-08-11,1218,twse,15.7,1606.0
2026-08-11,1219,twse,10.85,225.0
2026-08-11,1220,twse,11.15,861.0
2026-08-11,1225,twse,24.6,6782.0
2026-08-11,1227,twse,28.9,1012.0
2026-08-11,1229,twse,41.9,3094.0
2026-08-11,1231,twse,81.2,267.0
2026-08-11,1232,twse,154.5,192.0
2026-08-11,1233,twse,28.0,22.0
2026-08-11,1234,twse,33.5,11.0
2026-08-11,1235,twse,36.25,1157.0
2026-08-11,1236,twse,25.2,166.0
2026-08-11,1240,tpex,55.8,19.0
2026-08-11,1256,twse,179.5,324.0
2026-08-11,1259,tpex,61.2,43.0
2026-08-11,1264,tpex,258.0,2.0
2026-08-11,1268,tpex,182.5,18.0
2026-08-11,1294,tpex,59.1,166.0
2026-08-11,1295,tpex,46.75,163.0
2026-08-11,1301,twse,55.6,21643.0
2026-08-11,1303,twse,190.0,54594.0
2026-08-11,1304,twse,11.95,10349.0
2026-08-11,1305,twse,11.6,6275.0
2026-08-11,1307,twse,31.0,1384.0
2026-08-11,1308,twse,13.6,6024.0
2026-08-11,1309,twse,13.0,7315.0
2026-08-11,1310,twse,8.01,11555.0
2026-08-11,1312,twse,11.85,37958.0
2026-08-11,1313,twse,11.3,11404.0
2026-08-11,1314,twse,7.7,66826.0
2026-08-11,1315,twse,64.4,14.0
2026-08-11,1316,twse,10.05,9498.0
2026-08-11,1319,twse,78.8,7014.0
2026-08-11,1321,twse,31.95,7193.0
2026-08-11,1323,twse,21.55,79.0
2026-08-11,1324,twse,10.0,1263.0
2026-08-11,1325,twse,26.3,2304.0
2026-08-11,1326,twse,58.2,32875.0
2026-08-11,1336,tpex,16.2,2814.0
2026-08-11,1337,twse,4.71,21446.0
2026-08-11,1338,twse,15.15,3965.0
2026-08-11,1339,twse,45.4,876.0
2026-08-11,1340,twse,5.22,1030.0
2026-08-11,1341,twse,58.7,0.0
2026-08-11,1342,twse,102.5,553.0
2026-08-11,1402,twse,27.3,7506.0
2026-08-11,1409,twse,24.25,23877.0
2026-08-11,1410,twse,25.55,241.0
2026-08-11,1413,twse,9.49,0.0
2026-08-11,1414,twse,19.3,1294.0
2026-08-11,1416,twse,10.95,3358.0
2026-08-11,1417,twse,8.3,1999.0
2026-08-11,1418,twse,18.0,778.0
2026-08-11,1419,twse,65.4,1281.0
2026-08-11,1423,twse,36.1,86.0
2026-08-11,1432,twse,15.3,127.0
2026-08-11,1434,twse,17.75,6929.0
2026-08-11,1435,twse,23.6,0.0
2026-08-11,1436,twse,37.25,1001.0
2026-08-11,1437,twse,30.4,3149.0
2026-08-11,1438,twse,22.45,136.0
2026-08-11,1439,twse,28.85,1028.0
2026-08-11,1440,twse,13.7,5698.0
2026-08-11,1441,twse,8.88,0.0
2026-08-11,1442,twse,29.85,2696.0
2026-08-11,1443,twse,0.0,8.0
2026-08-11,1444,twse,7.14,558.0
2026-08-11,1445,twse,10.2,1367.0
2026-08-11,1446,twse,14.0,1406.0
2026-08-11,1447,twse,7.0,736.0
2026-08-11,1449,twse,12.65,3085.0
2026-08-11,1451,twse,17.5,576.0
2026-08-11,1452,twse,11.3,108.0
2026-08-11,1453,twse,11.0,875.0
2026-08-11,1454,twse,12.8,2169.0
2026-08-11,1455,twse,9.6,3172.0
2026-08-11,1456,twse,13.8,786.0
2026-08-11,1457,twse,14.15,663.0
2026-08-11,1459,twse,13.7,233.0
2026-08-11,1460,twse,6.67,0.0
2026-08-11,1463,twse,17.85,543.0
2026-08-11,1464,twse,10.2,1974.0
2026-08-11,1465,twse,12.35,3191.0
2026-08-11,1466,twse,16.75,3220.0
2026-08-11,1467,twse,9.17,7025.0
2026-08-11,1468,twse,13.4,0.0
2026-08-11,1470,twse,23.4,5.0
2026-08-11,1471,twse,9.42,0.0
2026-08-11,1472,twse,89.0,3882.0
2026-08-11,1473,twse,20.2,766.0
2026-08-11,1474,twse,10.1,3330.0
2026-08-11,1475,twse,27.15,464.0
2026-08-11,1476,twse,332.0,989.0
2026-08-11,1477,twse,221.5,1244.0
2026-08-11,1503,twse,197.0,2833.0
2026-08-11,1504,twse,67.4,27742.0
2026-08-11,1506,twse,10.6,0.0
2026-08-11,1512,twse,6.56,0.0
2026-08-11,1513,twse,160.5,7476.0
2026-08-11,1514,twse,102.0,6077.0
2026-08-11,1515,twse,31.2,2364.0
2026-08-11,1516,twse,15.4,2.0
2026-08-11,1517,twse,12.3,2148.0
2026-08-11,1519,twse,703.0,2905.0
2026-08-11,1521,twse,25.0,448.0
2026-08-11,1522,twse,28.25,3671.0
2026-08-11,1524,twse,27.2,3808.0
2026-08-11,1525,twse,67.5,230.0
2026-08-11,1526,twse,19.0,849.0
2026-08-11,1527,twse,32.7,527.0
2026-08-11,1528,twse,19.0,5687.0
2026-08-11,1529,twse,16.9,2755.0
2026-08-11,1530,twse,28.8,269.0
2026-08-11,1531,twse,13.05,1714.0
2026-08-11,1532,twse,21.85,2905.0
2026-08-11,1533,twse,32.1,530.0
2026-08-11,1535,twse,46.05,54.0
2026-08-11,1536,twse,51.2,7549.0
2026-08-11,1537,twse,127.0,63.0
2026-08-11,1538,twse,0.0,0.0
2026-08-11,1539,twse,16.4,1246.0
2026-08-11,1540,twse,19.65,1494.0
2026-08-11,1541,twse,21.5,107.0
2026-08-11,1558,twse,95.4,250.0
2026-08-11,1560,twse,687.0,1793.0
2026-08-11,1563,twse,62.1,6723.0
2026-08-11,1565,tpex,94.6,1100.0
2026-08-11,1568,twse,28.5,2169.0
2026-08-11,1569,tpex,41.3,10870.0
2026-08-11,1570,tpex,33.7,1779.0
2026-08-11,1580,tpex,113.5,32.0
2026-08-11,1582,twse,75.3,3605.0
2026-08-11,1583,twse,49.55,66.0
2026-08-11,1584,tpex,17.9,5716.0
2026-08-11,1586,tpex,18.3,15860.0
2026-08-11,1587,twse,24.25,1662.0
2026-08-11,1589,twse,0.0,655.0
2026-08-11,1590,twse,1560.0,230.0
2026-08-11,1591,tpex,36.5,1257.0
2026-08-11,1593,tpex,31.6,130.0
2026-08-11,1595,tpex,63.8,4427.0
2026-08-11,1597,twse,148.0,2980.0
2026-08-11,1598,twse,20.6,2081.0
2026-08-11,1599,tpex,23.85,273.0
2026-08-11,1603,twse,29.4,1910.0
2026-08-11,1604,twse,23.25,200.0
2026-08-11,1605,twse,38.3,46249.0
2026-08-11,1608,twse,36.45,7631.0
2026-08-11,1609,twse,37.15,12213.0
2026-08-11,1611,twse,11.9,3225.0
2026-08-11,1612,twse,34.0,1821.0
2026-08-11,1614,twse,30.95,336.0
2026-08-11,1615,twse,42.25,168.0
2026-08-11,1616,twse,19.6,2723.0
2026-08-11,1617,twse,19.0,1821.0
2026-08-11,1618,twse,40.8,3399.0
2026-08-11,1623,twse,208.0,28.0
2026-08-11,1626,twse,9.54,1620.0
2026-08-11,1702,twse,33.35,295.0
2026-08-11,1707,twse,89.6,341.0
2026-08-11,1708,twse,49.25,5921.0
2026-08-11,1709,twse,27.4,19736.0
2026-08-11,1710,twse,14.95,12167.0
2026-08-11,1711,twse,37.85,15616.0
2026-08-11,1712,twse,39.4,451.0
2026-08-11,1713,twse,44.9,3015.0
2026-08-11,1714,twse,16.65,15824.0
2026-08-11,1717,twse,71.9,15912.0
2026-08-11,1718,twse,10.2,20081.0
2026-08-11,1720,twse,56.4,301.0
2026-08-11,1721,twse,19.8,126.0
2026-08-11,1722,twse,46.1,2845.0
2026-08-11,1723,twse,85.2,593.0
2026-08-11,1725,twse,30.6,266.0
2026-08-11,1726,twse,77.4,25.0
2026-08-11,1727,twse,76.6,5994.0
2026-08-11,1730,twse,51.4,6.0
2026-08-11,1731,twse,21.05,303.0
2026-08-11,1732,twse,26.1,815.0
2026-08-11,1733,twse,30.85,2466.0
2026-08-11,1734,twse,31.55,295.0
2026-08-11,1735,twse,20.15,664.0
2026-08-11,1736,twse,145.0,1923.0
2026-08-11,1737,twse,31.9,21.0
2026-08-11,1742,tpex,17.9,3840.0
2026-08-11,1752,twse,32.1,329.0
2026-08-11,1760,twse,59.3,1010.0
2026-08-11,1762,twse,36.1,778.0
2026-08-11,1773,twse,161.0,1103.0
2026-08-11,1776,twse,17.05,754.0
2026-08-11,1777,tpex,74.8,52.0
2026-08-11,1780,tpex,23.05,0.0
2026-08-11,1781,tpex,11.05,0.0
2026-08-11,1783,twse,40.25,546.0
2026-08-11,1784,tpex,61.5,1243.0
2026-08-11,1785,tpex,107.0,28057.0
2026-08-11,1786,twse,51.2,4965.0
2026-08-11,1788,tpex,130.5,2.0
2026-08-11,1789,twse,18.95,3310.0
2026-08-11,1795,twse,189.0,8474.0
2026-08-11,1796,tpex,30.75,337.0
2026-08-11,1799,tpex,31.0,389.0
2026-08-11,1802,twse,55.9,35633.0
2026-08-11,1805,twse,9.99,1481.0
2026-08-11,1806,twse,8.0,2906.0
2026-08-11,1808,twse,32.45,5950.0
2026-08-11,1809,twse,41.95,5456.0
2026-08-11,1810,twse,24.8,21181.0
2026-08-11,1813,tpex,11.45,16.0
2026-08-11,1815,tpex,88.7,43064.0
2026-08-11,1817,twse,38.55,16.0
2026-08-11,1903,twse,47.1,2464.0
2026-08-11,1904,twse,24.5,4612.0
2026-08-11,1905,twse,13.4,12583.0
2026-08-11,1906,twse,11.1,7283.0
2026-08-11,1907,twse,30.25,24100.0
2026-08-11,1909,twse,10.1,9768.0
2026-08-11,2002,twse,19.75,42629.0
2026-08-11,2006,twse,85.5,1188.0
2026-08-11,2007,twse,7.14,5.0
2026-08-11,2008,twse,30.75,92.0
2026-08-11,2009,twse,40.05,6638.0
2026-08-11,2010,twse,23.0,2171.0
2026-08-11,2012,twse,15.15,192.0
2026-08-11,2013,twse,41.4,1409.0
2026-08-11,2014,twse,17.65,1084.0
2026-08-11,2015,twse,64.6,38.0
2026-08-11,2017,twse,8.9,8126.0
2026-08-11,2020,twse,21.2,707.0
2026-08-11,2022,twse,7.8,2108.0
2026-08-11,2023,twse,13.85,2741.0
2026-08-11,2024,twse,13.5,65.0
2026-08-11,2025,twse,12.7,0.0
2026-08-11,2027,twse,46.45,27185.0
2026-08-11,2028,twse,15.55,1175.0
2026-08-11,2029,twse,21.3,443.0
2026-08-11,2030,twse,21.15,4685.0
2026-08-11,2031,twse,46.1,1533.0
2026-08-11,2032,twse,17.3,2671.0
2026-08-11,2033,twse,20.55,2889.0
2026-08-11,2034,twse,20.45,3555.0
2026-08-11,2035,tpex,26.8,0.0
2026-08-11,2038,twse,13.0,3577.0
2026-08-11,2049,twse,368.0,3400.0
2026-08-11,2059,twse,12315.0,503.0
2026-08-11,2061,tpex,63.1,5260.0
2026-08-11,2062,twse,18.75,1331.0
2026-08-11,2063,tpex,24.6,114.0
2026-08-11,2064,tpex,12.55,45.0
2026-08-11,2065,tpex,37.5,69.0
2026-08-11,2066,tpex,61.6,3742.0
2026-08-11,2067,tpex,6.45,0.0
2026-08-11,2069,twse,20.05,447.0
2026-08-11,2070,tpex,59.0,1192.0
2026-08-11,2072,twse,152.5,0.0
2026-08-11,2101,twse,33.8,21472.0
2026-08-11,2102,twse,18.8,3510.0
2026-08-11,2103,twse,28.65,14514.0
2026-08-11,2104,twse,10.4,19205.0
2026-08-11,2105,twse,31.8,8885.0
2026-08-11,2106,twse,18.9,2685.0
2026-08-11,2107,twse,25.5,83.0
2026-08-11,2108,twse,29.75,2546.0
2026-08-11,2109,twse,14.65,675.0
2026-08-11,2114,twse,88.0,6.0
2026-08-11,2115,twse,23.0,493.0
2026-08-11,2201,twse,27.75,9773.0
2026-08-11,2204,twse,51.8,1367.0
2026-08-11,2206,twse,62.0,3873.0
2026-08-11,2207,twse,511.0,64.0
2026-08-11,2208,twse,19.15,0.0
2026-08-11,2211,twse,88.5,532.0
2026-08-11,2221,tpex,49.1,706.0
2026-08-11,2227,twse,49.0,0.0
2026-08-11,2228,twse,74.2,1511.0
2026-08-11,2230,tpex,27.2,3439.0
2026-08-11,2231,twse,103.0,2592.0
2026-08-11,2233,twse,201.0,4349.0
2026-08-11,2235,tpex,27.55,33.0
2026-08-11,2236,twse,136.0,11870.0
2026-08-11,2237,twse,27.05,0.0
2026-08-11,2239,twse,19.2,1604.0
2026-08-11,2241,twse,33.35,7878.0
2026-08-11,2243,twse,40.3,1295.0
2026-08-11,2247,twse,229.0,151.0
2026-08-11,2248,twse,56.9,594.0
2026-08-11,2250,twse,59.7,1169.0
2026-08-11,2254,twse,60.9,2514.0
2026-08-11,2258,twse,31.15,0.0
2026-08-11,2301,twse,268.5,14119.0
2026-08-11,2302,twse,46.05,4332.0
2026-08-11,2303,twse,123.0,162402.0
2026-08-11,2305,twse,27.25,6467.0
2026-08-11,2308,twse,1805.0,9053.0
2026-08-11,2312,twse,32.85,43525.0
2026-08-11,2313,twse,211.5,30942.0
2026-08-11,2314,twse,11.5,0.0
2026-08-11,2316,twse,172.0,3777.0
2026-08-11,2317,twse,263.0,50201.0
2026-08-11,2321,twse,15.6,0.0
2026-08-11,2323,twse,10.2,30203.0
2026-08-11,2324,twse,36.3,48871.0
2026-08-11,2327,twse,617.0,37990.0
2026-08-11,2328,twse,46.1,16308.0
2026-08-11,2329,twse,44.5,13670.0
2026-08-11,2330,twse,2395.0,29070.0
2026-08-11,2331,twse,19.2,9656.0
2026-08-11,2332,twse,22.6,29641.0
2026-08-11,2337,twse,132.5,93009.0
2026-08-11,2338,twse,39.9,5001.0
2026-08-11,2340,twse,31.05,7517.0
2026-08-11,2342,twse,37.05,3562.0
2026-08-11,2344,twse,178.0,126134.0
2026-08-11,2345,twse,2135.0,1896.0
2026-08-11,2347,twse,91.0,1309.0
2026-08-11,2348,twse,70.5,2682.0
2026-08-11,2349,twse,11.05,0.0
2026-08-11,2351,twse,169.5,11159.0
2026-08-11,2352,twse,28.9,15529.0
2026-08-11,2353,twse,31.05,38859.0
2026-08-11,2354,twse,62.7,28079.0
2026-08-11,2355,twse,42.5,8897.0
2026-08-11,2356,twse,65.1,27685.0
2026-08-11,2357,twse,839.0,1992.0
2026-08-11,2359,twse,140.5,7800.0
2026-08-11,2360,twse,2080.0,1583.0
2026-08-11,2362,twse,47.3,3502.0
2026-08-11,2363,twse,57.0,16573.0
2026-08-11,2364,twse,76.0,818.0
2026-08-11,2365,twse,31.05,8160.0
2026-08-11,2367,twse,44.75,24347.0
2026-08-11,2368,twse,964.0,7776.0
2026-08-11,2369,twse,33.1,12907.0
2026-08-11,2371,twse,25.95,46910.0
2026-08-11,2373,twse,53.4,45.0
2026-08-11,2374,twse,71.1,15806.0
2026-08-11,2375,twse,128.5,5409.0
2026-08-11,2376,twse,350.5,6279.0
2026-08-11,2377,twse,154.0,13672.0
2026-08-11,2379,twse,772.0,2498.0
2026-08-11,2380,twse,19.3,0.0
2026-08-11,2382,twse,315.5,17042.0
2026-08-11,2383,twse,5535.0,1974.0
2026-08-11,2385,twse,104.5,3125.0
2026-08-11,2387,twse,37.15,1276.0
2026-08-11,2388,twse,79.2,9633.0
2026-08-11,2390,twse,10.4,2024.0
2026-08-11,2392,twse,39.6,4430.0
2026-08-11,2393,twse,64.2,3091.0
2026-08-11,2395,twse,661.0,1980.0
2026-08-11,2397,twse,67.7,1654.0
2026-08-11,2399,twse,42.45,10842.0
2026-08-11,2401,twse,27.4,7721.0
2026-08-11,2402,twse,55.6,11694.0
2026-08-11,2404,twse,1150.0,2248.0
2026-08-11,2405,twse,15.95,7573.0
2026-08-11,2406,twse,31.75,13464.0
2026-08-11,2408,twse,489.0,86967.0
2026-08-11,2409,twse,26.1,225117.0
2026-08-11,2412,twse,136.0,2350.0
2026-08-11,2413,twse,44.25,4246.0
2026-08-11,2414,twse,51.9,568.0
2026-08-11,2415,twse,30.15,2490.0
2026-08-11,2417,twse,43.8,3368.0
2026-08-11,2419,twse,24.65,5865.0
2026-08-11,2420,twse,57.1,734.0
2026-08-11,2421,twse,151.5,4108.0
2026-08-11,2423,twse,72.9,637.0
2026-08-11,2424,twse,8.65,0.0
2026-08-11,2425,twse,45.95,7176.0
2026-08-11,2426,twse,64.7,16527.0
2026-08-11,2427,twse,21.7,5414.0
2026-08-11,2428,twse,231.5,2118.0
2026-08-11,2429,twse,31.75,388.0
2026-08-11,2430,twse,17.1,97.0
2026-08-11,2431,twse,10.45,1520.0
2026-08-11,2432,twse,28.4,307.0
2026-08-11,2433,twse,41.9,24.0
2026-08-11,2434,twse,49.0,397.0
2026-08-11,2436,twse,67.0,6246.0
2026-08-11,2438,twse,19.25,0.0
2026-08-11,2439,twse,81.9,3826.0
2026-08-11,2440,twse,15.75,1655.0
2026-08-11,2441,twse,124.0,9357.0
2026-08-11,2442,twse,19.5,4019.0
2026-08-11,2444,twse,11.2,0.0
2026-08-11,2449,twse,246.0,19791.0
2026-08-11,2450,twse,28.25,83.0
2026-08-11,2451,twse,286.0,6796.0
2026-08-11,2453,twse,52.2,2328.0
2026-08-11,2454,twse,4020.0,10079.0
2026-08-11,2455,twse,367.5,11170.0
2026-08-11,2457,twse,23.25,12018.0
2026-08-11,2458,twse,145.5,3781.0
2026-08-11,2459,twse,65.8,105.0
2026-08-11,2460,twse,31.35,208.0
2026-08-11,2461,twse,17.25,8480.0
2026-08-11,2462,twse,19.65,2339.0
2026-08-11,2464,twse,187.5,20940.0
2026-08-11,2465,twse,86.9,3672.0
2026-08-11,2466,twse,92.0,6096.0
2026-08-11,2467,twse,532.0,1816.0
2026-08-11,2468,twse,34.6,3300.0
2026-08-11,2471,twse,50.1,1279.0
2026-08-11,2472,twse,244.5,4765.0
2026-08-11,2474,twse,206.0,9270.0
2026-08-11,2476,twse,124.5,41207.0
2026-08-11,2477,twse,21.95,1219.0
2026-08-11,2478,twse,121.0,9005.0
2026-08-11,2480,twse,153.0,386.0
2026-08-11,2481,twse,141.5,12775.0
2026-08-11,2482,twse,16.0,1886.0
2026-08-11,2483,twse,35.05,1844.0
2026-08-11,2484,twse,73.3,16960.0
2026-08-11,2485,twse,42.95,11207.0
2026-08-11,2486,twse,230.5,22615.0
2026-08-11,2488,twse,50.3,453.0
2026-08-11,2489,twse,32.75,28340.0
2026-08-11,2491,twse,34.2,1589.0
2026-08-11,2492,twse,300.5,15960.0
2026-08-11,2493,twse,239.5,10953.0
2026-08-11,2495,twse,38.85,7895.0
2026-08-11,2496,twse,59.2,34.0
2026-08-11,2497,twse,47.55,1818.0
2026-08-11,2498,twse,40.5,28518.0
2026-08-11,2501,twse,22.45,4574.0
2026-08-11,2504,twse,30.95,4732.0
2026-08-11,2505,twse,18.15,3335.0
2026-08-11,2506,twse,8.57,1845.0
2026-08-11,2509,twse,13.5,570.0
2026-08-11,2511,twse,8.25,2517.0
2026-08-11,2514,twse,12.2,18136.0
2026-08-11,2515,twse,12.05,29571.0
2026-08-11,2516,twse,14.1,0.0
2026-08-11,2520,twse,34.45,2089.0
2026-08-11,2524,twse,34.6,3196.0
2026-08-11,2527,twse,46.75,5484.0
2026-08-11,2528,twse,20.2,6284.0
2026-08-11,2530,twse,19.25,6837.0
2026-08-11,2534,twse,17.05,11933.0
2026-08-11,2535,twse,88.5,275.0
2026-08-11,2536,twse,20.95,5925.0
2026-08-11,2537,twse,10.95,3619.0
2026-08-11,2538,twse,9.13,2436.0
2026-08-11,2539,twse,41.55,2292.0
2026-08-11,2540,twse,44.0,2997.0
2026-08-11,2542,twse,44.55,4665.0
2026-08-11,2543,twse,39.3,9360.0
2026-08-11,2545,twse,33.9,2764.0
2026-08-11,2546,twse,96.2,125.0
2026-08-11,2547,twse,10.55,10537.0
2026-08-11,2548,twse,93.6,2190.0
2026-08-11,2596,tpex,32.15,2282.0
2026-08-11,2597,twse,167.5,161.0
2026-08-11,2601,twse,6.23,365.0
2026-08-11,2603,twse,218.0,14683.0
2026-08-11,2605,twse,32.75,13525.0
2026-08-11,2606,twse,66.4,2833.0
2026-08-11,2607,twse,48.7,797.0
2026-08-11,2608,twse,28.6,1128.0
2026-08-11,2609,twse,52.0,31851.0
2026-08-11,2610,twse,20.25,49193.0
2026-08-11,2611,twse,14.05,2156.0
2026-08-11,2612,twse,54.1,1601.0
2026-08-11,2613,twse,20.5,2102.0
2026-08-11,2614,twse,18.0,5398.0
2026-08-11,2615,twse,87.1,14977.0
2026-08-11,2616,twse,13.35,428.0
2026-08-11,2617,twse,29.2,2207.0
2026-08-11,2618,twse,41.75,30930.0
2026-08-11,2630,twse,48.8,5262.0
2026-08-11,2633,twse,25.7,1720.0
2026-08-11,2634,twse,62.8,24630.0
2026-08-11,2636,twse,68.1,623.0
2026-08-11,2637,twse,87.3,2456.0
2026-08-11,2640,tpex,148.5,498.0
2026-08-11,2641,tpex,17.3,10832.0
2026-08-11,2642,twse,20.45,602.0
2026-08-11,2643,tpex,62.9,87.0
2026-08-11,2645,twse,191.0,3068.0
2026-08-11,2646,twse,20.75,3841.0
2026-08-11,2701,twse,10.65,382.0
2026-08-11,2702,twse,12.45,429.0
2026-08-11,2704,twse,46.15,115.0
2026-08-11,2705,twse,16.1,547.0
2026-08-11,2706,twse,12.5,652.0
2026-08-11,2707,twse,180.0,171.0
2026-08-11,2712,twse,14.5,7.0
2026-08-11,2718,tpex,44.6,113.0
2026-08-11,2719,tpex,21.2,115.0
2026-08-11,2722,twse,22.0,414.0
2026-08-11,2723,twse,62.0,1683.0
2026-08-11,2724,tpex,0.0,0.0
2026-08-11,2726,tpex,8.84,283.0
2026-08-11,2727,twse,236.5,300.0
2026-08-11,2729,tpex,161.0,9.0
2026-08-11,2731,twse,145.5,880.0
2026-08-11,2732,tpex,63.9,284.0
2026-08-11,2734,tpex,15.05,585.0
2026-08-11,2736,tpex,11.45,546.0
2026-08-11,2739,twse,34.3,901.0
2026-08-11,2740,tpex,30.85,0.0
2026-08-11,2743,tpex,56.8,709.0
2026-08-11,2745,tpex,88.8,519.0
2026-08-11,2748,twse,38.5,503.0
2026-08-11,2751,tpex,54.0,2.0
2026-08-11,2752,tpex,178.5,0.0
2026-08-11,2753,twse,183.0,521.0
2026-08-11,2754,tpex,72.4,303.0
2026-08-11,2755,tpex,103.5,37.0
2026-08-11,2756,tpex,56.5,301.0
2026-08-11,2762,twse,82.5,219.0
2026-08-11,2801,twse,23.1,8400.0
2026-08-11,2812,twse,18.5,2782.0
2026-08-11,2816,twse,34.0,569.0
2026-08-11,2820,twse,16.2,512.0
2026-08-11,2832,twse,58.2,552.0
2026-08-11,2834,twse,16.4,27577.0
2026-08-11,2836,twse,11.85,6756.0
2026-08-11,2838,twse,19.9,871.0
2026-08-11,2845,twse,13.1,3942.0
2026-08-11,2849,twse,14.4,251.0
2026-08-11,2850,twse,159.0,305.0
2026-08-11,2851,twse,35.9,914.0
2026-08-11,2852,twse,26.7,1557.0
2026-08-11,2855,twse,46.2,5331.0
2026-08-11,2867,twse,9.48,2004.0
2026-08-11,2880,twse,43.65,963.0
2026-08-11,2881,twse,128.0,6872.0
2026-08-11,2882,twse,99.6,4276.0
2026-08-11,2883,twse,31.05,10562.0
2026-08-11,2884,twse,36.9,5179.0
2026-08-11,2885,twse,68.4,1776.0
2026-08-11,2886,twse,49.4,1639.0
2026-08-11,2887,twse,35.55,40157.0
2026-08-11,2889,twse,15.2,2720.0
2026-08-11,2890,twse,39.05,2673.0
2026-08-11,2891,twse,66.8,3265.0
2026-08-11,2892,twse,32.7,2445.0
2026-08-11,2897,twse,10.15,1669.0
2026-08-11,2901,twse,23.75,472.0
2026-08-11,2903,twse,21.9,1547.0
2026-08-11,2904,twse,13.0,32.0
2026-08-11,2905,twse,16.4,7671.0
2026-08-11,2906,twse,13.45,610.0
2026-08-11,2908,twse,21.8,14040.0
2026-08-11,2910,twse,23.8,48.0
2026-08-11,2911,twse,6.97,179.0
2026-08-11,2912,twse,219.0,689.0
2026-08-11,2913,twse,11.0,7062.0
2026-08-11,2915,twse,53.6,8608.0
2026-08-11,2916,tpex,40.9,116.0
2026-08-11,2923,twse,26.0,0.0
2026-08-11,2924,tpex,17.35,4.0
2026-08-11,2926,tpex,30.35,4.0
2026-08-11,2929,twse,5.96,1850.0
2026-08-11,2937,tpex,45.45,0.0
2026-08-11,2939,twse,20.45,244.0
2026-08-11,2945,twse,40.5,0.0
2026-08-11,2947,tpex,62.8,0.0
2026-08-11,2948,tpex,36.0,0.0
2026-08-11,2949,tpex,62.2,0.0
2026-08-11,3002,twse,16.8,1857.0
2026-08-11,3003,twse,70.5,2350.0
2026-08-11,3004,twse,127.0,1851.0
2026-08-11,3005,twse,114.5,8847.0
2026-08-11,3006,twse,267.5,17139.0
2026-08-11,3008,twse,4355.0,2253.0
2026-08-11,3010,twse,125.0,1302.0
2026-08-11,3011,twse,11.5,3272.0
2026-08-11,3013,twse,86.0,8532.0
2026-08-11,3014,twse,134.5,2730.0
2026-08-11,3015,twse,57.0,2412.0
2026-08-11,3016,twse,101.5,7876.0
2026-08-11,3017,twse,2760.0,4154.0
2026-08-11,3018,twse,12.95,0.0
2026-08-11,3019,twse,138.0,11051.0
2026-08-11,3021,twse,21.1,603.0
2026-08-11,3022,twse,108.0,6445.0
2026-08-11,3023,twse,318.5,1091.0
2026-08-11,3024,twse,13.2,9913.0
2026-08-11,3025,twse,55.0,1625.0
2026-08-11,3026,twse,646.0,10113.0
2026-08-11,3027,twse,18.35,4606.0
2026-08-11,3028,twse,70.4,2970.0
2026-08-11,3029,twse,108.0,3196.0
2026-08-11,3030,twse,302.5,10483.0
2026-08-11,3031,twse,22.95,5272.0
2026-08-11,3032,twse,78.6,8244.0
2026-08-11,3033,twse,50.4,8767.0
2026-08-11,3034,twse,538.0,2624.0
2026-08-11,3035,twse,176.0,10146.0
2026-08-11,3036,twse,220.0,12721.0
2026-08-11,3037,twse,992.0,39130.0
2026-08-11,3038,twse,20.5,1525.0
2026-08-11,3040,twse,38.0,10090.0
2026-08-11,3041,twse,23.45,3584.0
2026-08-11,3042,twse,179.0,19437.0
2026-08-11,3043,twse,20.35,850.0
2026-08-11,3044,twse,441.5,7000.0
2026-08-11,3045,twse,109.5,1569.0
2026-08-11,3046,twse,60.3,1149.0
2026-08-11,3047,twse,14.3,6550.0
2026-08-11,3048,twse,58.8,5869.0
2026-08-11,3049,twse,10.75,0.0
2026-08-11,3050,twse,11.55,3234.0
2026-08-11,3051,twse,23.15,4026.0
2026-08-11,3052,twse,10.8,1633.0
2026-08-11,3054,twse,48.0,1038.0
2026-08-11,3055,twse,106.5,5760.0
2026-08-11,3056,twse,14.1,3585.0
2026-08-11,3057,twse,16.75,0.0
2026-08-11,3058,twse,8.24,0.0
2026-08-11,3059,twse,40.35,11247.0
2026-08-11,3060,twse,28.8,8549.0
2026-08-11,3062,twse,20.9,9633.0
2026-08-11,3064,tpex,0.0,0.0
2026-08-11,3066,tpex,21.6,1242.0
2026-08-11,3067,tpex,17.95,0.0
2026-08-11,3071,tpex,24.95,3956.0
2026-08-11,3073,tpex,22.8,673.0
2026-08-11,3078,tpex,54.4,5694.0
2026-08-11,3081,tpex,2480.0,5383.0
2026-08-11,3083,tpex,24.55,1276.0
2026-08-11,3085,tpex,11.85,0.0
2026-08-11,3086,tpex,26.65,6809.0
2026-08-11,3088,tpex,139.5,2276.0
2026-08-11,3090,twse,174.5,7401.0
2026-08-11,3092,twse,23.5,3570.0
2026-08-11,3093,tpex,49.1,6027.0
2026-08-11,3094,twse,37.6,2677.0
2026-08-11,3095,tpex,38.0,414.0
2026-08-11,3105,tpex,371.0,45642.0
2026-08-11,3114,tpex,36.55,1183.0
2026-08-11,3115,tpex,8.86,0.0
2026-08-11,3118,tpex,32.1,29.0
2026-08-11,3122,tpex,25.95,53.0
2026-08-11,3128,tpex,21.75,1845.0
2026-08-11,3130,twse,203.0,10.0
2026-08-11,3131,tpex,2390.0,339.0
2026-08-11,3135,twse,167.0,3094.0
2026-08-11,3138,twse,96.0,1999.0
2026-08-11,3141,tpex,77.7,5239.0
2026-08-11,3147,tpex,226.0,1505.0
2026-08-11,3149,twse,67.5,21666.0
2026-08-11,3150,twse,17.8,229.0
2026-08-11,3152,tpex,224.5,662.0
2026-08-11,3158,tpex,84.0,0.0
2026-08-11,3162,tpex,66.1,5941.0
2026-08-11,3163,tpex,683.0,7323.0
2026-08-11,3164,twse,16.55,300.0
2026-08-11,3167,twse,635.0,6661.0
2026-08-11,3168,twse,42.15,38.0
2026-08-11,3169,tpex,102.0,1021.0
2026-08-11,3171,tpex,63.5,54.0
2026-08-11,3176,tpex,33.45,1025.0
2026-08-11,3178,tpex,58.1,1138.0
2026-08-11,3188,tpex,23.1,2767.0
2026-08-11,3189,twse,842.0,22659.0
2026-08-11,3191,tpex,18.55,0.0
2026-08-11,3205,tpex,49.8,1692.0
2026-08-11,3206,tpex,34.8,803.0
2026-08-11,3207,tpex,44.0,4444.0
2026-08-11,3209,twse,56.8,5769.0
2026-08-11,3211,tpex,400.0,12179.0
2026-08-11,3213,tpex,136.0,1456.0
2026-08-11,3217,tpex,148.0,1645.0
2026-08-11,3218,tpex,146.0,639.0
2026-08-11,3219,tpex,72.6,1388.0
2026-08-11,3221,tpex,48.25,3364.0
2026-08-11,3224,tpex,36.55,7818.0
2026-08-11,3226,tpex,51.4,1.0
2026-08-11,3227,tpex,209.0,2880.0
2026-08-11,3228,tpex,146.0,0.0
2026-08-11,3229,twse,51.0,0.0
2026-08-11,3230,tpex,41.75,3577.0
2026-08-11,3231,twse,191.0,41408.0
2026-08-11,3232,tpex,19.7,2959.0
2026-08-11,3234,tpex,121.5,0.0
2026-08-11,3236,tpex,46.15,3437.0
2026-08-11,3252,tpex,16.05,12320.0
2026-08-11,3257,twse,51.8,2454.0
2026-08-11,3259,tpex,14.3,0.0
2026-08-11,3260,tpex,405.5,21018.0
2026-08-11,3264,tpex,219.5,7463.0
2026-08-11,3265,tpex,159.5,3865.0
2026-08-11,3266,twse,13.85,353.0
2026-08-11,3268,tpex,20.0,1869.0
2026-08-11,3272,tpex,13.95,1030.0
2026-08-11,3276,tpex,14.85,1497.0
2026-08-11,3284,tpex,20.95,917.0
2026-08-11,3285,tpex,37.3,303.0
2026-08-11,3287,tpex,32.25,1881.0
2026-08-11,3288,tpex,22.2,0.0
2026-08-11,3289,tpex,140.0,7431.0
2026-08-11,3290,tpex,55.1,9255.0
2026-08-11,3293,tpex,804.0,2211.0
2026-08-11,3294,tpex,31.4,6403.0
2026-08-11,3296,twse,23.1,1815.0
2026-08-11,3297,tpex,28.4,680.0
2026-08-11,3303,tpex,54.2,2041.0
2026-08-11,3305,twse,112.5,6899.0
2026-08-11,3306,tpex,44.5,898.0
2026-08-11,3308,twse,19.3,707.0
2026-08-11,3310,tpex,70.7,2533.0
2026-08-11,3311,twse,32.35,2874.0
2026-08-11,3312,twse,49.9,4746.0
2026-08-11,3313,tpex,10.3,639.0
2026-08-11,3317,tpex,69.2,3914.0
2026-08-11,3321,twse,19.0,0.0
2026-08-11,3322,tpex,11.45,9364.0
2026-08-11,3323,tpex,32.2,5612.0
2026-08-11,3324,tpex,1045.0,5268.0
2026-08-11,3325,tpex,11.7,559.0
2026-08-11,3332,tpex,0.0,126.0
2026-08-11,3338,twse,63.1,3456.0
2026-08-11,3339,tpex,37.85,6516.0
2026-08-11,3346,twse,21.0,2913.0
2026-08-11,3349,tpex,23.25,0.0
2026-08-11,3354,tpex,20.65,1132.0
2026-08-11,3356,twse,58.6,1804.0
2026-08-11,3357,tpex,219.0,3941.0
2026-08-11,3360,tpex,15.9,2866.0
2026-08-11,3362,tpex,174.5,4759.0
2026-08-11,3363,tpex,606.0,5260.0
2026-08-11,3372,tpex,16.25,0.0
2026-08-11,3373,tpex,16.4,873.0
2026-08-11,3374,tpex,334.0,28150.0
2026-08-11,3376,twse,184.0,11360.0
2026-08-11,3379,tpex,29.6,1794.0
2026-08-11,3380,twse,28.25,5138.0
2026-08-11,3388,tpex,72.6,1540.0
2026-08-11,3390,tpex,22.2,2368.0
2026-08-11,3402,tpex,126.5,1281.0
2026-08-11,3406,twse,538.0,2600.0
2026-08-11,3413,twse,305.5,3720.0
2026-08-11,3416,twse,186.0,907.0
2026-08-11,3419,twse,12.15,1042.0
2026-08-11,3430,tpex,112.0,1716.0
2026-08-11,3432,twse,16.05,0.0
2026-08-11,3434,tpex,29.9,1548.0
2026-08-11,3437,twse,17.5,2635.0
2026-08-11,3438,tpex,59.8,978.0
2026-08-11,3441,tpex,79.3,3821.0
2026-08-11,3443,twse,4955.0,4741.0
2026-08-11,3444,tpex,76.3,956.0
2026-08-11,3447,twse,27.15,1915.0
2026-08-11,3450,twse,473.5,14646.0
2026-08-11,3455,tpex,202.0,3551.0
2026-08-11,3465,tpex,30.05,739.0
2026-08-11,3466,tpex,25.85,10802.0
2026-08-11,3467,tpex,45.9,136.0
2026-08-11,3479,tpex,141.0,3329.0
2026-08-11,3481,twse,50.1,323159.0
2026-08-11,3483,tpex,73.5,4727.0
2026-08-11,3484,tpex,50.2,1858.0
2026-08-11,3485,tpex,205.0,0.0
2026-08-11,3489,tpex,25.95,391.0
2026-08-11,3490,tpex,32.0,2744.0
2026-08-11,3491,tpex,1275.0,3506.0
2026-08-11,3492,tpex,21.95,851.0
2026-08-11,3494,twse,7.1,0.0
2026-08-11,3498,tpex,124.5,4896.0
2026-08-11,3499,tpex,13.05,0.0
2026-08-11,3501,twse,39.15,1162.0
2026-08-11,3504,twse,73.6,2963.0
2026-08-11,3508,tpex,17.05,0.0
2026-08-11,3511,tpex,20.5,2663.0
2026-08-11,3512,tpex,19.7,705.0
2026-08-11,3515,twse,216.0,1827.0
2026-08-11,3516,tpex,26.1,9228.0
2026-08-11,3518,twse,27.9,4097.0
2026-08-11,3520,tpex,18.5,2355.0
2026-08-11,3521,tpex,12.25,2221.0
2026-08-11,3522,tpex,11.75,0.0
2026-08-11,3523,tpex,15.45,0.0
2026-08-11,3526,tpex,286.5,1867.0
2026-08-11,3527,tpex,51.2,1079.0
2026-08-11,3528,twse,91.0,2231.0
2026-08-11,3529,tpex,2660.0,1224.0
2026-08-11,3530,twse,55.5,1304.0
2026-08-11,3531,tpex,21.35,35.0
2026-08-11,3532,twse,284.0,7892.0
2026-08-11,3533,twse,1990.0,770.0
2026-08-11,3535,twse,89.0,3954.0
2026-08-11,3537,tpex,57.0,1415.0
2026-08-11,3540,tpex,20.75,2118.0
2026-08-11,3541,tpex,21.45,272.0
2026-08-11,3543,twse,37.1,5301.0
2026-08-11,3545,twse,50.4,4419.0
2026-08-11,3546,tpex,73.9,1895.0
2026-08-11,3548,tpex,75.1,3392.0
2026-08-11,3550,twse,23.05,14056.0
2026-08-11,3551,tpex,178.0,1398.0
2026-08-11,3552,tpex,44.35,1505.0
2026-08-11,3555,tpex,164.5,702.0
2026-08-11,3556,tpex,63.8,1176.0
2026-08-11,3557,twse,25.15,368.0
2026-08-11,3558,tpex,130.0,1420.0
2026-08-11,3563,twse,677.0,5624.0
2026-08-11,3564,tpex,46.5,640.0
2026-08-11,3567,tpex,26.25,690.0
2026-08-11,3570,tpex,163.5,117.0
2026-08-11,3576,twse,17.3,0.0
2026-08-11,3577,tpex,132.0,1106.0
2026-08-11,3580,tpex,77.6,2479.0
2026-08-11,3581,tpex,115.0,1393.0
2026-08-11,3583,twse,702.0,1927.0
2026-08-11,3587,tpex,253.0,2831.0
2026-08-11,3588,twse,55.8,1701.0
2026-08-11,3591,twse,21.45,27456.0
2026-08-11,3592,twse,239.0,974.0
2026-08-11,3593,twse,12.4,0.0
2026-08-11,3594,tpex,56.9,3947.0
2026-08-11,3596,twse,169.0,1520.0
2026-08-11,3597,tpex,27.15,968.0
2026-08-11,3605,twse,111.0,16609.0
2026-08-11,3607,twse,14.15,1880.0
2026-08-11,3609,tpex,23.95,4236.0
2026-08-11,3611,tpex,189.5,213.0
2026-08-11,3615,tpex,35.9,3522.0
2026-08-11,3617,twse,229.0,1953.0
2026-08-11,3622,twse,54.9,1742.0
2026-08-11,3623,tpex,21.55,636.0
2026-08-11,3624,tpex,85.2,5279.0
2026-08-11,3625,tpex,17.15,0.0
2026-08-11,3628,tpex,65.4,925.0
2026-08-11,3629,tpex,13.2,0.0
2026-08-11,3630,tpex,25.95,4278.0
2026-08-11,3631,tpex,34.15,878.0
2026-08-11,3632,tpex,8.0,0.0
2026-08-11,3645,twse,67.8,5258.0
2026-08-11,3646,tpex,23.3,1119.0
2026-08-11,3652,twse,37.35,723.0
2026-08-11,3653,twse,4065.0,2801.0
2026-08-11,3661,twse,3955.0,6371.0
2026-08-11,3663,tpex,63.4,2796.0
2026-08-11,3664,tpex,6.1,0.0
2026-08-11,3665,twse,2200.0,2364.0
2026-08-11,3666,tpex,25.05,1956.0
2026-08-11,3669,twse,38.5,824.0
2026-08-11,3672,tpex,12.65,0.0
2026-08-11,3673,twse,62.9,14088.0
2026-08-11,3675,tpex,272.5,1671.0
2026-08-11,3679,twse,108.5,121.0
2026-08-11,3680,tpex,445.0,3146.0
2026-08-11,3684,tpex,52.9,447.0
2026-08-11,3685,tpex,38.3,12.0
2026-08-11,3686,twse,14.65,0.0
2026-08-11,3687,tpex,65.7,1108.0
2026-08-11,3689,tpex,110.0,5343.0
2026-08-11,3691,tpex,118.0,2521.0
2026-08-11,3693,tpex,492.0,3745.0
2026-08-11,3694,twse,53.8,7096.0
2026-08-11,3701,twse,41.2,6046.0
2026-08-11,3702,twse,125.5,6882.0
2026-08-11,3703,twse,20.15,1523.0
2026-08-11,3704,twse,45.4,8553.0
2026-08-11,3705,twse,53.7,370.0
2026-08-11,3706,twse,90.0,29644.0
2026-08-11,3707,tpex,61.9,11695.0
2026-08-11,3708,twse,102.5,2926.0
2026-08-11,3709,tpex,71.6,4082.0
2026-08-11,3710,tpex,5.19,0.0
2026-08-11,3711,twse,629.0,13214.0
2026-08-11,3712,twse,22.4,2484.0
2026-08-11,3713,tpex,15.0,0.0
2026-08-11,3714,twse,56.0,24246.0
2026-08-11,3715,twse,122.0,20836.0
2026-08-11,3716,twse,35.5,641.0
2026-08-11,3717,twse,22.9,13318.0
2026-08-11,4102,tpex,18.85,70.0
2026-08-11,4104,twse,71.5,113.0
2026-08-11,4105,tpex,77.6,865.0
2026-08-11,4106,twse,24.6,644.0
2026-08-11,4107,tpex,114.5,67.0
2026-08-11,4108,twse,11.1,0.0
2026-08-11,4109,tpex,11.3,3624.0
2026-08-11,4111,tpex,29.85,568.0
2026-08-11,4113,tpex,14.65,10528.0
2026-08-11,4114,tpex,30.05,2618.0
2026-08-11,4116,tpex,39.4,324.0
2026-08-11,4119,twse,52.9,640.0
2026-08-11,4120,tpex,49.3,817.0
2026-08-11,4121,tpex,13.15,5197.0
2026-08-11,4123,tpex,39.0,10932.0
2026-08-11,4126,tpex,77.2,719.0
2026-08-11,4127,tpex,89.5,827.0
2026-08-11,4128,tpex,14.7,8237.0
2026-08-11,4129,tpex,86.4,1395.0
2026-08-11,4131,tpex,32.2,0.0
2026-08-11,4133,twse,20.95,1286.0
2026-08-11,4137,twse,96.0,1078.0
2026-08-11,4138,tpex,51.1,45.0
2026-08-11,4139,tpex,35.0,1282.0
2026-08-11,4142,twse,17.4,6446.0
2026-08-11,4147,tpex,63.5,11118.0
2026-08-11,4148,twse,32.5,379.0
2026-08-11,4153,tpex,33.0,361.0
2026-08-11,4154,tpex,12.2,0.0
2026-08-11,4155,twse,14.65,919.0
2026-08-11,4157,tpex,9.02,8228.0
2026-08-11,4160,tpex,40.2,170.0
2026-08-11,4161,tpex,22.9,1164.0
2026-08-11,4162,tpex,63.7,2563.0
2026-08-11,4163,tpex,145.5,185.0
2026-08-11,4164,twse,26.7,5897.0
2026-08-11,4166,tpex,24.5,1475.0
2026-08-11,4167,tpex,18.45,10319.0
2026-08-11,4168,tpex,22.9,93.0
2026-08-11,4169,twse,153.5,0.0
2026-08-11,4171,tpex,17.0,891.0
2026-08-11,4173,tpex,17.75,414.0
2026-08-11,4174,tpex,26.55,1085.0
2026-08-11,4175,tpex,50.0,24.0
2026-08-11,4178,twse,18.0,0.0
2026-08-11,4183,tpex,14.8,0.0
2026-08-11,4188,tpex,9.99,0.0
2026-08-11,4190,twse,25.2,283.0
2026-08-11,4192,tpex,19.0,0.0
2026-08-11,4195,twse,15.0,0.0
2026-08-11,4198,tpex,41.95,0.0
2026-08-11,4205,tpex,70.0,4.0
2026-08-11,4207,tpex,20.45,539.0
2026-08-11,4303,tpex,44.6,7117.0
2026-08-11,4304,tpex,16.0,0.0
2026-08-11,4305,tpex,43.45,1.0
2026-08-11,4306,twse,14.3,4806.0
2026-08-11,4401,tpex,13.95,767.0
2026-08-11,4402,tpex,16.6,0.0
2026-08-11,4406,tpex,10.1,337.0
2026-08-11,4413,tpex,15.5,427.0
2026-08-11,4414,twse,8.28,703.0
2026-08-11,4416,tpex,10.45,541.0
2026-08-11,4417,tpex,46.85,142.0
2026-08-11,4419,tpex,46.6,0.0
2026-08-11,4420,tpex,35.3,590.0
2026-08-11,4426,twse,7.95,1041.0
2026-08-11,4430,tpex,17.4,59.0
2026-08-11,4432,tpex,16.0,460.0
2026-08-11,4433,tpex,20.05,287.0
2026-08-11,4438,twse,61.4,764.0
2026-08-11,4439,twse,102.5,228.0
2026-08-11,4440,twse,17.4,155.0
2026-08-11,4441,twse,201.0,208.0
2026-08-11,4442,tpex,52.5,175.0
2026-08-11,4502,tpex,15.7,487.0
2026-08-11,4503,tpex,24.45,1781.0
2026-08-11,4506,tpex,122.0,2.0
2026-08-11,4510,tpex,40.5,4505.0
2026-08-11,4513,tpex,17.0,2488.0
2026-08-11,4523,tpex,25.7,926.0
2026-08-11,4526,twse,30.65,5517.0
2026-08-11,4527,tpex,41.0,86.0
2026-08-11,4528,tpex,15.15,200.0
2026-08-11,4529,tpex,4.22,0.0
2026-08-11,4530,tpex,0.0,46.0
2026-08-11,4532,twse,23.7,2349.0
2026-08-11,4533,tpex,26.7,8437.0
2026-08-11,4534,tpex,34.3,0.0
2026-08-11,4535,tpex,29.25,207.0
2026-08-11,4536,twse,171.5,665.0
2026-08-11,4538,tpex,17.45,499.0
2026-08-11,4540,twse,58.3,3905.0
2026-08-11,4541,tpex,66.3,3940.0
2026-08-11,4542,tpex,274.5,5136.0
2026-08-11,4543,tpex,31.6,948.0
2026-08-11,4545,twse,32.6,1191.0
2026-08-11,4549,tpex,92.7,631.0
2026-08-11,4550,tpex,24.2,148.0
2026-08-11,4551,twse,157.0,2670.0
2026-08-11,4552,twse,17.7,2431.0
2026-08-11,4554,tpex,30.75,72.0
2026-08-11,4555,twse,47.85,2224.0
2026-08-11,4556,tpex,92.1,528.0
2026-08-11,4557,twse,50.0,337.0
2026-08-11,4558,tpex,18.3,239.0
2026-08-11,4560,twse,32.0,280.0
2026-08-11,4561,tpex,41.9,937.0
2026-08-11,4562,twse,32.0,1789.0
2026-08-11,4563,tpex,40.3,805.0
2026-08-11,4564,twse,16.85,10408.0
2026-08-11,4566,twse,70.4,4466.0
2026-08-11,4568,tpex,40.25,43.0
2026-08-11,4569,twse,167.0,740.0
2026-08-11,4571,twse,168.0,1127.0
2026-08-11,4572,twse,141.5,328.0
2026-08-11,4576,twse,218.5,2619.0
2026-08-11,4577,tpex,75.6,1035.0
2026-08-11,4580,tpex,78.8,94.0
2026-08-11,4581,twse,51.5,29.0
2026-08-11,4582,twse,27.2,0.0
2026-08-11,4583,twse,500.0,2904.0
2026-08-11,4584,tpex,39.95,0.0
2026-08-11,4585,twse,308.5,605.0
2026-08-11,4588,twse,52.1,390.0
2026-08-11,4590,twse,89.8,148.0
2026-08-11,4609,tpex,4.76,0.0
2026-08-11,4702,tpex,9.67,1005.0
2026-08-11,4706,tpex,31.75,61.0
2026-08-11,4707,tpex,30.0,14441.0
2026-08-11,4711,tpex,16.7,646.0
2026-08-11,4714,tpex,10.5,6005.0
2026-08-11,4716,tpex,18.9,13427.0
2026-08-11,4720,twse,19.9,3232.0
2026-08-11,4721,tpex,73.5,1895.0
2026-08-11,4722,twse,215.0,11786.0
2026-08-11,4726,tpex,24.55,138.0
2026-08-11,4728,tpex,387.5,1843.0
2026-08-11,4729,tpex,19.9,1168.0
2026-08-11,4735,tpex,34.9,297.0
2026-08-11,4736,twse,131.5,253.0
2026-08-11,4737,twse,56.5,1587.0
2026-08-11,4739,twse,87.4,8052.0
2026-08-11,4741,tpex,42.9,1400.0
2026-08-11,4743,tpex,47.3,13698.0
2026-08-11,4744,tpex,27.5,2767.0
2026-08-11,4745,tpex,11.95,115.0
2026-08-11,4746,twse,55.0,1981.0
2026-08-11,4747,tpex,56.1,1536.0
2026-08-11,4749,tpex,803.0,4131.0
2026-08-11,4754,tpex,37.65,88.0
2026-08-11,4755,twse,119.0,990.0
2026-08-11,4760,tpex,256.0,2193.0
2026-08-11,4763,twse,51.6,40848.0
2026-08-11,4764,twse,240.5,4475.0
2026-08-11,4766,twse,343.0,1085.0
2026-08-11,4767,tpex,26.5,5.0
2026-08-11,4768,tpex,314.5,2654.0
2026-08-11,4770,twse,218.0,945.0
2026-08-11,4771,twse,201.5,511.0
2026-08-11,4772,tpex,251.5,3615.0
2026-08-11,4804,tpex,0.0,0.0
2026-08-11,4806,tpex,10.2,0.0
2026-08-11,4807,twse,31.2,1195.0
2026-08-11,4903,tpex,37.65,4472.0
2026-08-11,4904,twse,101.0,905.0
2026-08-11,4905,tpex,69.3,123.0
2026-08-11,4906,twse,36.0,28363.0
2026-08-11,4907,tpex,44.95,935.0
2026-08-11,4908,tpex,151.0,2627.0
2026-08-11,4909,tpex,38.35,3948.0
2026-08-11,4911,tpex,28.25,210.0
2026-08-11,4912,twse,89.2,3677.0
2026-08-11,4915,twse,60.0,4473.0
2026-08-11,4916,twse,104.5,7704.0
2026-08-11,4919,twse,125.0,12823.0
2026-08-11,4923,tpex,50.0,1959.0
2026-08-11,4924,tpex,9.98,1325.0
2026-08-11,4927,twse,33.85,23378.0
2026-08-11,4930,twse,16.3,3811.0
2026-08-11,4931,tpex,255.0,9498.0
2026-08-11,4933,tpex,55.4,1104.0
2026-08-11,4934,twse,14.2,0.0
2026-08-11,4935,twse,34.9,613.0
2026-08-11,4938,twse,89.0,4587.0
2026-08-11,4939,tpex,61.7,6395.0
2026-08-11,4942,twse,34.1,647.0
2026-08-11,4943,twse,8.6,0.0
2026-08-11,4946,tpex,82.5,50.0
2026-08-11,4949,twse,74.4,3013.0
2026-08-11,4950,tpex,15.6,0.0
2026-08-11,4951,tpex,80.4,832.0
2026-08-11,4952,twse,49.0,1324.0
2026-08-11,4953,tpex,125.0,910.0
2026-08-11,4956,twse,30.7,5229.0
2026-08-11,4958,twse,490.0,31763.0
2026-08-11,4960,twse,20.7,15363.0
2026-08-11,4961,twse,173.0,1317.0
2026-08-11,4966,tpex,595.0,3591.0
2026-08-11,4967,twse,274.5,7597.0
2026-08-11,4968,twse,96.7,5161.0
2026-08-11,4971,tpex,465.0,3979.0
2026-08-11,4972,tpex,16.55,110.0
2026-08-11,4973,tpex,156.0,3030.0
2026-08-11,4974,tpex,69.3,808.0
2026-08-11,4976,twse,35.55,4979.0
2026-08-11,4977,twse,146.5,6478.0
2026-08-11,4979,tpex,510.0,12103.0
2026-08-11,4989,twse,68.0,14859.0
2026-08-11,4991,tpex,481.0,7062.0
2026-08-11,4994,twse,87.1,1740.0
2026-08-11,4995,tpex,50.8,2011.0
2026-08-11,4999,twse,18.95,405.0
2026-08-11,5007,twse,56.4,7.0
2026-08-11,5009,tpex,33.25,7877.0
2026-08-11,5011,tpex,18.4,8224.0
2026-08-11,5013,tpex,26.15,7.0
2026-08-11,5014,tpex,11.25,2389.0
2026-08-11,5015,tpex,22.1,130.0
2026-08-11,5016,tpex,24.15,244.0
2026-08-11,5201,tpex,26.0,6860.0
2026-08-11,5202,tpex,12.3,2028.0
2026-08-11,5203,twse,65.8,1076.0
2026-08-11,5205,tpex,21.75,0.0
2026-08-11,5206,tpex,22.0,1081.0
2026-08-11,5209,tpex,160.0,42.0
2026-08-11,5210,tpex,28.55,5156.0
2026-08-11,5211,tpex,20.05,356.0
2026-08-11,5212,tpex,0.0,79.0
2026-08-11,5213,tpex,20.9,3018.0
2026-08-11,5215,twse,38.5,667.0
2026-08-11,5220,tpex,20.65,287.0
2026-08-11,5222,twse,115.0,1860.0
2026-08-11,5223,tpex,23.8,270.0
2026-08-11,5225,twse,63.0,1331.0
2026-08-11,5227,tpex,34.45,18.0
2026-08-11,5228,tpex,41.85,543.0
2026-08-11,5230,tpex,17.7,934.0
2026-08-11,5234,twse,335.0,1499.0
2026-08-11,5236,twse,142.0,219.0
2026-08-11,5243,twse,88.3,9339.0
2026-08-11,5244,twse,33.25,2342.0
2026-08-11,5245,tpex,23.7,929.0
2026-08-11,5251,tpex,25.8,1589.0
2026-08-11,5258,twse,51.4,3899.0
2026-08-11,5263,tpex,94.7,4504.0
2026-08-11,5269,twse,1435.0,1936.0
2026-08-11,5272,tpex,18.1,678.0
2026-08-11,5274,tpex,16440.0,141.0
2026-08-11,5276,tpex,18.85,0.0
2026-08-11,5278,tpex,24.7,1270.0
2026-08-11,5283,twse,54.0,70.0
2026-08-11,5284,twse,300.5,3719.0
2026-08-11,5285,twse,79.0,4611.0
2026-08-11,5287,tpex,147.0,217.0
2026-08-11,5288,twse,193.5,2630.0
2026-08-11,5289,tpex,1470.0,4741.0
2026-08-11,5291,tpex,56.6,4302.0
2026-08-11,5292,twse,179.5,883.0
2026-08-11,5299,tpex,100.5,848.0
2026-08-11,5301,tpex,5.35,0.0
2026-08-11,5302,tpex,11.6,0.0
2026-08-11,5306,twse,99.6,603.0
2026-08-11,5309,tpex,56.3,9418.0
2026-08-11,5310,tpex,24.9,0.0
2026-08-11,5312,tpex,88.7,536.0
2026-08-11,5314,tpex,61.1,14281.0
2026-08-11,5315,tpex,19.1,2548.0
2026-08-11,5321,tpex,55.6,1563.0
2026-08-11,5324,tpex,12.25,0.0
2026-08-11,5328,tpex,66.0,7866.0
2026-08-11,5340,tpex,74.0,5370.0
2026-08-11,5344,tpex,13.8,0.0
2026-08-11,5345,tpex,22.05,0.0
2026-08-11,5347,tpex,158.0,13538.0
2026-08-11,5348,tpex,16.95,0.0
2026-08-11,5351,tpex,119.5,12851.0
2026-08-11,5353,tpex,28.45,1363.0
2026-08-11,5355,tpex,5.99,0.0
2026-08-11,5356,tpex,25.65,5510.0
2026-08-11,5364,tpex,8.8,1291.0
2026-08-11,5371,tpex,87.6,15420.0
2026-08-11,5381,tpex,24.25,3897.0
2026-08-11,5386,tpex,274.5,1707.0
2026-08-11,5388,twse,91.1,5249.0
2026-08-11,5392,tpex,45.3,8606.0
2026-08-11,5398,tpex,14.0,3391.0
2026-08-11,5403,tpex,92.4,67.0
2026-08-11,5410,tpex,34.65,1916.0
2026-08-11,5425,tpex,86.0,9760.0
2026-08-11,5426,tpex,30.8,2866.0
2026-08-11,5432,tpex,115.0,695.0
2026-08-11,5434,twse,522.0,1034.0
2026-08-11,5438,tpex,17.4,998.0
2026-08-11,5439,tpex,240.5,6102.0
2026-08-11,5443,tpex,107.5,4611.0
2026-08-11,5450,tpex,15.15,462.0
2026-08-11,5452,tpex,26.85,3290.0
2026-08-11,5455,tpex,28.5,112.0
2026-08-11,5457,tpex,28.55,5387.0
2026-08-11,5460,tpex,16.05,978.0
2026-08-11,5464,tpex,61.4,8564.0
2026-08-11,5465,tpex,21.55,1229.0
2026-08-11,5468,tpex,30.55,0.0
2026-08-11,5469,twse,75.9,13433.0
2026-08-11,5471,twse,56.2,4377.0
2026-08-11,5474,tpex,150.0,1131.0
2026-08-11,5475,tpex,135.0,0.0
2026-08-11,5478,tpex,99.5,358.0
2026-08-11,5481,tpex,19.55,5160.0
2026-08-11,5483,tpex,168.5,15595.0
2026-08-11,5484,twse,41.7,0.0
2026-08-11,5487,tpex,29.4,1737.0
2026-08-11,5488,tpex,13.35,2831.0
2026-08-11,5489,tpex,41.6,573.0
2026-08-11,5490,tpex,30.2,3042.0
2026-08-11,5493,tpex,80.0,2421.0
2026-08-11,5498,tpex,51.1,4502.0
2026-08-11,5508,tpex,54.6,2894.0
2026-08-11,5511,tpex,70.9,558.0
2026-08-11,5512,tpex,7.78,4274.0
2026-08-11,5514,tpex,13.9,42.0
2026-08-11,5515,twse,43.65,2200.0
2026-08-11,5516,tpex,13.05,0.0
2026-08-11,5519,twse,27.75,836.0
2026-08-11,5520,tpex,83.4,4.0
2026-08-11,5521,twse,10.35,13244.0
2026-08-11,5522,twse,65.1,974.0
2026-08-11,5523,tpex,30.35,3.0
2026-08-11,5525,twse,22.05,320.0
2026-08-11,5529,tpex,21.35,1768.0
2026-08-11,5530,tpex,49.65,2046.0
2026-08-11,5531,twse,7.45,4145.0
2026-08-11,5533,twse,13.95,487.0
2026-08-11,5534,twse,77.8,3328.0
2026-08-11,5536,tpex,941.0,861.0
2026-08-11,5538,twse,33.95,47.0
2026-08-11,5543,tpex,26.2,0.0
2026-08-11,5546,twse,13.55,22.0
2026-08-11,5547,tpex,19.8,19.0
2026-08-11,5548,tpex,20.45,30.0
2026-08-11,5601,tpex,29.5,1.0
2026-08-11,5603,tpex,14.2,2813.0
2026-08-11,5604,tpex,30.6,18.0
2026-08-11,5607,twse,50.2,1929.0
2026-08-11,5608,twse,13.95,3777.0
2026-08-11,5609,tpex,79.4,104.0
2026-08-11,5701,tpex,4.15,0.0
2026-08-11,5703,tpex,0.0,0.0
2026-08-11,5704,tpex,21.55,56.0
2026-08-11,5706,twse,45.5,696.0
2026-08-11,5864,tpex,30.45,8970.0
2026-08-11,5871,twse,115.5,4023.0
2026-08-11,5876,twse,43.1,767.0
2026-08-11,5878,tpex,38.9,0.0
2026-08-11,5880,twse,24.0,3022.0
2026-08-11,5902,tpex,34.4,6471.0
2026-08-11,5903,tpex,185.5,8.0
2026-08-11,5904,tpex,87.1,4785.0
2026-08-11,5905,tpex,8.08,2044.0
2026-08-11,5906,twse,39.45,21.0
2026-08-11,5907,twse,4.96,5478.0
2026-08-11,6005,twse,30.0,5820.0
2026-08-11,6015,tpex,15.1,5336.0
2026-08-11,6016,tpex,18.65,5155.0
2026-08-11,6020,tpex,21.0,379.0
2026-08-11,6021,tpex,34.9,398.0
2026-08-11,6023,tpex,87.0,515.0
2026-08-11,6024,twse,61.6,335.0
2026-08-11,6026,tpex,13.95,3337.0
2026-08-11,6028,tpex,87.0,0.0
2026-08-11,6101,tpex,35.1,8359.0
2026-08-11,6103,tpex,28.5,8.0
2026-08-11,6104,tpex,93.5,4747.0
2026-08-11,6108,twse,19.55,1720.0
2026-08-11,6109,tpex,11.2,4.0
2026-08-11,6111,tpex,37.6,2345.0
2026-08-11,6112,twse,46.4,2817.0
2026-08-11,6113,tpex,24.6,997.0
2026-08-11,6114,tpex,27.0,1105.0
2026-08-11,6115,twse,45.1,29.0
2026-08-11,6116,twse,14.2,35480.0
2026-08-11,6117,twse,66.5,2357.0
2026-08-11,6118,tpex,15.7,2169.0
2026-08-11,6120,twse,12.9,7686.0
2026-08-11,6121,tpex,434.5,766.0
2026-08-11,6122,tpex,46.65,1206.0
2026-08-11,6123,tpex,43.45,271.0
2026-08-11,6124,tpex,27.1,347.0
2026-08-11,6125,tpex,49.65,6802.0
2026-08-11,6126,tpex,30.65,2709.0
2026-08-11,6127,tpex,51.6,4260.0
2026-08-11,6128,twse,20.25,1405.0
2026-08-11,6129,tpex,14.6,53.0
2026-08-11,6130,tpex,25.5,3927.0
2026-08-11,6133,twse,22.0,3033.0
2026-08-11,6134,tpex,27.8,4379.0
2026-08-11,6136,twse,25.05,2837.0
2026-08-11,6138,tpex,288.0,1498.0
2026-08-11,6139,twse,812.0,8248.0
2026-08-11,6140,tpex,17.1,825.0
2026-08-11,6141,twse,34.65,34.0
2026-08-11,6142,twse,9.35,0.0
2026-08-11,6143,tpex,89.0,3846.0
2026-08-11,6144,tpex,14.55,0.0
2026-08-11,6146,tpex,192.0,638.0
2026-08-11,6147,tpex,161.5,32419.0
2026-08-11,6148,tpex,28.35,2512.0
2026-08-11,6150,tpex,59.2,2450.0
2026-08-11,6151,tpex,35.15,1477.0
2026-08-11,6152,twse,14.8,0.0
2026-08-11,6153,twse,16.8,13426.0
2026-08-11,6154,tpex,13.8,421.0
2026-08-11,6155,twse,55.2,2800.0
2026-08-11,6156,tpex,21.75,4845.0
2026-08-11,6158,tpex,16.5,1494.0
2026-08-11,6160,tpex,14.15,436.0
2026-08-11,6161,tpex,53.1,742.0
2026-08-11,6163,tpex,43.0,16954.0
2026-08-11,6164,twse,11.75,3940.0
2026-08-11,6165,twse,50.1,13187.0
2026-08-11,6166,twse,136.0,3646.0
2026-08-11,6167,tpex,10.5,2971.0
2026-08-11,6168,twse,24.6,4260.0
2026-08-11,6169,tpex,12.7,31.0
2026-08-11,6170,tpex,46.6,2002.0
2026-08-11,6171,tpex,0.0,269.0
2026-08-11,6173,tpex,185.0,8737.0
2026-08-11,6174,tpex,42.9,1190.0
2026-08-11,6175,tpex,77.5,3697.0
2026-08-11,6176,twse,81.7,6259.0
2026-08-11,6177,twse,48.25,2564.0
2026-08-11,6179,tpex,27.5,18874.0
2026-08-11,6180,tpex,42.25,2321.0
2026-08-11,6182,tpex,94.0,59974.0
2026-08-11,6183,twse,93.5,9.0
2026-08-11,6184,twse,42.15,445.0
2026-08-11,6185,tpex,13.6,1165.0
2026-08-11,6186,tpex,35.4,980.0
2026-08-11,6187,tpex,1050.0,2883.0
2026-08-11,6188,tpex,71.8,7605.0
2026-08-11,6189,twse,49.3,2324.0
2026-08-11,6190,tpex,68.8,7773.0
2026-08-11,6191,twse,86.1,18872.0
2026-08-11,6192,twse,121.0,727.0
2026-08-11,6194,tpex,29.85,1654.0
2026-08-11,6195,tpex,28.85,29.0
2026-08-11,6196,twse,510.0,1533.0
2026-08-11,6197,twse,301.5,5557.0
2026-08-11,6198,tpex,19.5,0.0
2026-08-11,6199,tpex,98.5,6251.0
2026-08-11,6201,twse,45.45,38.0
2026-08-11,6202,twse,64.3,4592.0
2026-08-11,6203,tpex,60.7,573.0
2026-08-11,6204,tpex,80.5,691.0
2026-08-11,6205,twse,61.6,3656.0
2026-08-11,6206,twse,143.0,2769.0
2026-08-11,6207,tpex,107.0,4777.0
2026-08-11,6208,tpex,81.9,1656.0
2026-08-11,6209,twse,75.0,12866.0
2026-08-11,6210,tpex,17.3,33.0
2026-08-11,6212,tpex,29.0,10.0
2026-08-11,6213,twse,452.0,19969.0
2026-08-11,6214,twse,143.0,1962.0
2026-08-11,6215,twse,102.5,5204.0
2026-08-11,6216,twse,22.5,687.0
2026-08-11,6217,tpex,153.0,13779.0
2026-08-11,6218,tpex,35.75,1871.0
2026-08-11,6219,tpex,12.35,7442.0
2026-08-11,6220,tpex,25.55,2438.0
2026-08-11,6221,tpex,20.55,7539.0
2026-08-11,6222,tpex,20.15,31.0
2026-08-11,6223,tpex,6315.0,858.0
2026-08-11,6224,twse,59.8,1770.0
2026-08-11,6225,twse,30.45,0.0
2026-08-11,6226,twse,20.3,3059.0
2026-08-11,6227,tpex,131.0,1587.0
2026-08-11,6228,tpex,18.4,63.0
2026-08-11,6229,tpex,23.65,1216.0
2026-08-11,6230,twse,109.5,467.0
2026-08-11,6231,tpex,217.5,2391.0
2026-08-11,6233,tpex,22.45,2788.0
2026-08-11,6234,tpex,36.65,2949.0
2026-08-11,6235,twse,39.2,4338.0
2026-08-11,6237,tpex,34.5,3401.0
2026-08-11,6239,twse,282.5,22978.0
2026-08-11,6240,tpex,19.05,504.0
2026-08-11,6241,tpex,14.55,0.0
2026-08-11,6242,tpex,34.3,0.0
2026-08-11,6243,twse,45.6,2025.0
2026-08-11,6244,tpex,24.1,11241.0
2026-08-11,6245,tpex,87.9,2459.0
2026-08-11,6246,tpex,12.15,576.0
2026-08-11,6248,tpex,17.95,636.0
2026-08-11,6257,twse,204.5,10808.0
2026-08-11,6259,tpex,30.75,795.0
2026-08-11,6261,tpex,78.8,3671.0
2026-08-11,6263,tpex,159.5,490.0
2026-08-11,6264,tpex,0.0,0.0
2026-08-11,6265,tpex,56.1,6299.0
2026-08-11,6266,tpex,25.0,1132.0
2026-08-11,6269,twse,67.4,9608.0
2026-08-11,6270,tpex,30.0,2143.0
2026-08-11,6271,twse,195.5,7788.0
2026-08-11,6272,twse,25.0,42.0
2026-08-11,6274,tpex,1605.0,10078.0
2026-08-11,6275,tpex,43.8,1805.0
2026-08-11,6276,tpex,19.45,275.0
2026-08-11,6277,twse,80.0,289.0
2026-08-11,6278,twse,167.5,9474.0
2026-08-11,6279,tpex,130.5,3001.0
2026-08-11,6281,twse,51.5,22.0
2026-08-11,6282,twse,49.85,24343.0
2026-08-11,6283,twse,20.15,2271.0
2026-08-11,6284,tpex,78.0,5142.0
2026-08-11,6285,twse,254.0,13759.0
2026-08-11,6290,tpex,220.0,11742.0
2026-08-11,6291,tpex,366.0,1288.0
2026-08-11,6292,tpex,65.7,434.0
2026-08-11,6294,tpex,27.0,102.0
2026-08-11,6405,twse,40.4,5299.0
2026-08-11,6409,twse,1010.0,1116.0
2026-08-11,6411,tpex,78.1,2054.0
2026-08-11,6412,twse,78.8,2847.0
2026-08-11,6414,twse,448.5,2056.0
2026-08-11,6415,twse,466.5,4590.0
2026-08-11,6416,twse,99.7,3875.0
2026-08-11,6417,tpex,111.0,2680.0
2026-08-11,6418,tpex,32.7,919.0
2026-08-11,6419,tpex,151.5,499.0
2026-08-11,6423,tpex,80.4,676.0
2026-08-11,6425,tpex,57.9,2044.0
2026-08-11,6426,twse,218.0,3033.0
2026-08-11,6431,twse,19.0,0.0
2026-08-11,6432,tpex,74.1,2025.0
2026-08-11,6435,tpex,259.5,984.0
2026-08-11,6438,twse,145.0,3735.0
2026-08-11,6441,tpex,23.0,897.0
2026-08-11,6442,twse,1450.0,4598.0
2026-08-11,6443,twse,26.9,7597.0
2026-08-11,6446,twse,1460.0,8775.0
2026-08-11,6449,twse,238.0,2048.0
2026-08-11,6451,twse,433.0,8306.0
2026-08-11,6456,twse,70.6,14585.0
2026-08-11,6461,tpex,15.9,0.0
2026-08-11,6462,tpex,102.5,3990.0
2026-08-11,6464,twse,76.2,1.0
2026-08-11,6465,tpex,46.75,1498.0
2026-08-11,6469,tpex,70.9,730.0
2026-08-11,6470,tpex,42.3,164.0
2026-08-11,6472,twse,423.5,3510.0
2026-08-11,6474,tpex,39.1,115.0
2026-08-11,6477,twse,34.95,3545.0
2026-08-11,6482,tpex,27.5,83.0
2026-08-11,6485,tpex,66.0,2394.0
2026-08-11,6486,tpex,75.0,179.0
2026-08-11,6488,tpex,849.0,10659.0
2026-08-11,6491,twse,378.0,472.0
2026-08-11,6492,tpex,37.9,111.0
2026-08-11,6494,tpex,54.9,844.0
2026-08-11,6496,tpex,24.95,55.0
2026-08-11,6498,tpex,73.5,523.0
2026-08-11,6499,tpex,62.0,5504.0
2026-08-11,6504,twse,38.7,112.0
2026-08-11,6505,twse,71.1,12851.0
2026-08-11,6506,tpex,17.15,264.0
2026-08-11,6508,tpex,26.25,218.0
2026-08-11,6509,tpex,47.7,3001.0
2026-08-11,6510,tpex,2800.0,666.0
2026-08-11,6512,tpex,19.9,0.0
2026-08-11,6515,twse,6920.0,442.0
2026-08-11,6516,tpex,60.6,841.0
2026-08-11,6517,tpex,61.9,1980.0
2026-08-11,6523,tpex,90.4,72.0
2026-08-11,6525,twse,140.5,2330.0
2026-08-11,6526,twse,620.0,1310.0
2026-08-11,6527,tpex,74.7,4.0
2026-08-11,6530,tpex,80.3,2304.0
2026-08-11,6531,twse,831.0,6077.0
2026-08-11,6532,tpex,85.0,2891.0
2026-08-11,6533,twse,250.0,2261.0
2026-08-11,6534,twse,93.7,1756.0
2026-08-11,6535,tpex,92.1,0.0
2026-08-11,6538,tpex,147.0,7543.0
2026-08-11,6541,twse,39.2,3713.0
2026-08-11,6542,tpex,45.9,217.0
2026-08-11,6546,tpex,61.9,2575.0
2026-08-11,6547,tpex,52.0,11675.0
2026-08-11,6548,tpex,74.6,6768.0
2026-08-11,6550,twse,11.0,0.0
2026-08-11,6552,twse,24.4,1078.0
2026-08-11,6556,tpex,60.2,0.0
2026-08-11,6558,twse,26.8,2637.0
2026-08-11,6560,tpex,32.5,435.0
2026-08-11,6561,tpex,324.5,147.0
2026-08-11,6568,tpex,139.5,782.0
2026-08-11,6569,tpex,95.0,300.0
2026-08-11,6570,tpex,57.0,604.0
2026-08-11,6573,twse,17.05,0.0
2026-08-11,6574,tpex,139.0,0.0
2026-08-11,6576,tpex,79.5,0.0
2026-08-11,6577,tpex,80.3,189.0
2026-08-11,6578,tpex,18.35,1734.0
2026-08-11,6579,twse,159.0,1297.0
2026-08-11,6581,twse,108.0,5.0
2026-08-11,6582,twse,31.65,324.0
2026-08-11,6584,tpex,538.0,1700.0
2026-08-11,6585,twse,117.0,1751.0
2026-08-11,6588,tpex,88.3,2266.0
2026-08-11,6589,twse,52.6,2753.0
2026-08-11,6590,tpex,64.2,0.0
2026-08-11,6591,twse,44.15,1743.0
2026-08-11,6592,twse,61.0,695.0
2026-08-11,6593,tpex,32.45,1587.0
2026-08-11,6596,tpex,87.3,621.0
2026-08-11,6597,tpex,67.9,0.0
2026-08-11,6598,twse,27.65,0.0
2026-08-11,6603,tpex,26.9,8714.0
2026-08-11,6605,twse,138.5,2426.0
2026-08-11,6606,twse,27.1,670.0
2026-08-11,6609,tpex,38.95,1666.0
2026-08-11,6612,tpex,74.1,515.0
2026-08-11,6613,tpex,260.5,744.0
2026-08-11,6614,twse,36.1,71.0
2026-08-11,6615,tpex,34.6,7.0
2026-08-11,6616,tpex,8.76,1011.0
2026-08-11,6617,tpex,102.5,1092.0
2026-08-11,6620,tpex,76.7,1821.0
2026-08-11,6624,tpex,43.55,160.0
2026-08-11,6625,twse,76.3,822.0
2026-08-11,6629,tpex,114.5,1234.0
2026-08-11,6637,tpex,61.1,89.0
2026-08-11,6640,tpex,945.0,687.0
2026-08-11,6641,twse,17.95,100.0
2026-08-11,6642,tpex,86.0,1258.0
2026-08-11,6643,tpex,450.0,1960.0
2026-08-11,6645,twse,13.3,11.0
2026-08-11,6649,tpex,35.55,1238.0
2026-08-11,6651,tpex,137.5,1464.0
2026-08-11,6654,tpex,170.5,3352.0
2026-08-11,6655,twse,118.5,1.0
2026-08-11,6657,twse,30.35,1292.0
2026-08-11,6658,twse,160.0,1468.0
2026-08-11,6662,tpex,28.8,0.0
2026-08-11,6664,tpex,352.0,1451.0
2026-08-11,6666,twse,42.2,289.0
2026-08-11,6667,tpex,225.5,1241.0
2026-08-11,6668,twse,35.7,2794.0
2026-08-11,6669,twse,5930.0,1342.0
2026-08-11,6670,twse,269.0,387.0
2026-08-11,6671,twse,22.65,84.0
2026-08-11,6672,twse,257.0,6183.0
2026-08-11,6674,twse,15.25,244.0
2026-08-11,6679,tpex,211.0,1089.0
2026-08-11,6680,tpex,51.9,0.0
2026-08-11,6683,tpex,1245.0,1972.0
2026-08-11,6684,tpex,50.0,1618.0
2026-08-11,6689,twse,65.0,1224.0
2026-08-11,6690,tpex,164.0,88.0
2026-08-11,6691,twse,728.0,1464.0
2026-08-11,6692,tpex,23.6,412.0
2026-08-11,6693,tpex,173.5,3942.0
2026-08-11,6695,twse,49.15,3588.0
2026-08-11,6697,tpex,41.1,59.0
2026-08-11,6698,twse,32.4,1960.0
2026-08-11,6703,tpex,107.5,35.0
2026-08-11,6706,twse,117.0,8262.0
2026-08-11,6708,tpex,38.9,18.0
2026-08-11,6712,tpex,151.0,1400.0
2026-08-11,6715,twse,360.5,7017.0
2026-08-11,6716,tpex,104.5,1142.0
2026-08-11,6719,twse,206.5,3620.0
2026-08-11,6720,tpex,140.5,1660.0
2026-08-11,6721,tpex,51.9,0.0
2026-08-11,6722,twse,33.05,70.0
2026-08-11,6725,tpex,243.0,274.0
2026-08-11,6727,tpex,390.5,4214.0
2026-08-11,6728,tpex,105.5,113.0
2026-08-11,6730,tpex,34.55,3.0
2026-08-11,6732,tpex,154.5,694.0
2026-08-11,6733,tpex,25.7,0.0
2026-08-11,6735,tpex,64.5,611.0
2026-08-11,6739,tpex,1005.0,846.0
2026-08-11,6741,tpex,55.5,1249.0
2026-08-11,6742,twse,43.05,1857.0
2026-08-11,6743,twse,28.1,518.0
2026-08-11,6751,tpex,41.35,84.0
2026-08-11,6752,tpex,101.5,420.0
2026-08-11,6753,twse,141.0,5539.0
2026-08-11,6754,twse,42.5,128.0
2026-08-11,6756,twse,99.9,580.0
2026-08-11,6757,twse,56.1,3532.0
2026-08-11,6761,tpex,174.0,2971.0
2026-08-11,6762,tpex,170.0,0.0
2026-08-11,6763,tpex,43.0,1930.0
2026-08-11,6767,tpex,24.9,0.0
2026-08-11,6768,twse,67.5,1234.0
2026-08-11,6770,twse,67.0,143621.0
2026-08-11,6771,twse,38.5,114.0
2026-08-11,6776,twse,53.7,669.0
2026-08-11,6781,twse,1175.0,2371.0
2026-08-11,6782,twse,212.0,414.0
2026-08-11,6785,tpex,98.8,865.0
2026-08-11,6788,tpex,355.5,2579.0
2026-08-11,6789,twse,440.0,4830.0
2026-08-11,6790,twse,38.25,585.0
2026-08-11,6791,tpex,101.0,149.0
2026-08-11,6792,twse,58.1,267.0
2026-08-11,6794,twse,74.7,275.0
2026-08-11,6796,twse,60.0,592.0
2026-08-11,6799,twse,85.6,1979.0
2026-08-11,6803,tpex,269.0,24.0
2026-08-11,6804,tpex,20.35,321.0
2026-08-11,6805,twse,1790.0,2931.0
2026-08-11,6807,twse,37.95,151.0
2026-08-11,6811,tpex,230.5,645.0
2026-08-11,6821,tpex,41.15,1106.0
2026-08-11,6823,tpex,63.3,834.0
2026-08-11,6829,tpex,206.0,822.0
2026-08-11,6830,twse,408.5,3889.0
2026-08-11,6831,twse,617.0,701.0
2026-08-11,6834,twse,106.0,3486.0
2026-08-11,6835,twse,31.05,792.0
2026-08-11,6838,twse,23.3,2558.0
2026-08-11,6840,tpex,68.0,513.0
2026-08-11,6841,tpex,55.6,1626.0
2026-08-11,6843,tpex,40.0,112.0
2026-08-11,6844,tpex,60.7,0.0
2026-08-11,6846,tpex,59.6,0.0
2026-08-11,6854,twse,93.7,2422.0
2026-08-11,6855,tpex,117.0,0.0
2026-08-11,6856,tpex,44.8,0.0
2026-08-11,6859,tpex,99.2,623.0
2026-08-11,6861,twse,218.0,1719.0
2026-08-11,6862,twse,148.0,910.0
2026-08-11,6863,twse,122.0,1072.0
2026-08-11,6865,tpex,25.25,81.0
2026-08-11,6869,twse,67.3,2801.0
2026-08-11,6870,tpex,257.0,1282.0
2026-08-11,6872,tpex,15.8,0.0
2026-08-11,6873,twse,74.8,3423.0
2026-08-11,6874,tpex,78.2,230.0
2026-08-11,6875,tpex,32.45,0.0
2026-08-11,6877,tpex,127.5,8022.0
2026-08-11,6881,tpex,199.0,0.0
2026-08-11,6884,tpex,31.8,0.0
2026-08-11,6885,twse,20.6,2374.0
2026-08-11,6887,twse,36.45,971.0
2026-08-11,6890,twse,174.5,783.0
2026-08-11,6894,tpex,345.0,481.0
2026-08-11,6895,tpex,118.0,922.0
2026-08-11,6899,tpex,51.0,211.0
2026-08-11,6901,twse,16.85,7172.0
2026-08-11,6902,twse,128.0,596.0
2026-08-11,6903,tpex,316.0,1454.0
2026-08-11,6906,twse,72.5,495.0
2026-08-11,6907,tpex,187.0,812.0
2026-08-11,6908,twse,32.75,0.0
2026-08-11,6909,twse,40.8,1453.0
2026-08-11,6910,tpex,25.1,18.0
2026-08-11,6913,tpex,147.0,1346.0
2026-08-11,6914,twse,147.5,360.0
2026-08-11,6916,twse,18.7,386.0
2026-08-11,6918,twse,73.8,87.0
2026-08-11,6919,twse,108.0,0.0
2026-08-11,6921,twse,63.7,0.0
2026-08-11,6922,tpex,213.0,363.0
2026-08-11,6923,twse,74.9,1729.0
2026-08-11,6924,twse,119.5,0.0
2026-08-11,6925,tpex,54.4,252.0
2026-08-11,6928,twse,48.5,755.0
2026-08-11,6929,tpex,23.1,0.0
2026-08-11,6931,twse,39.5,104.0
2026-08-11,6933,twse,188.0,1015.0
2026-08-11,6934,twse,72.5,0.0
2026-08-11,6936,twse,32.05,242.0
2026-08-11,6937,twse,287.0,1476.0
2026-08-11,6944,twse,740.0,903.0
2026-08-11,6945,tpex,114.5,0.0
2026-08-11,6947,twse,76.0,0.0
2026-08-11,6949,twse,1020.0,5317.0
2026-08-11,6951,twse,71.4,77.0
2026-08-11,6952,twse,39.3,59.0
2026-08-11,6953,tpex,220.5,235.0
2026-08-11,6957,twse,215.5,1672.0
2026-08-11,6958,twse,17.5,121.0
2026-08-11,6961,tpex,51.6,5.0
2026-08-11,6962,twse,33.8,8381.0
2026-08-11,6965,twse,75.9,42.0
2026-08-11,6967,tpex,68.7,354.0
2026-08-11,6968,tpex,44.15,281.0
2026-08-11,6969,twse,32.8,0.0
2026-08-11,6971,tpex,25.6,76.0
2026-08-11,6982,tpex,49.1,308.0
2026-08-11,6983,tpex,299.0,0.0
2026-08-11,6986,tpex,44.35,0.0
2026-08-11,6988,twse,12.7,0.0
2026-08-11,6994,twse,36.3,2976.0
2026-08-11,6996,tpex,176.5,345.0
2026-08-11,6997,tpex,69.0,0.0
2026-08-11,7402,tpex,106.5,2249.0
2026-08-11,7547,tpex,54.4,302.0
2026-08-11,7556,tpex,223.0,542.0
2026-08-11,7584,tpex,26.25,26.0
2026-08-11,7610,twse,1870.0,0.0
2026-08-11,7631,twse,138.0,117.0
2026-08-11,7642,tpex,79.2,76.0
2026-08-11,7689,twse,173.0,0.0
2026-08-11,7703,tpex,179.5,489.0
2026-08-11,7704,tpex,64.1,691.0
2026-08-11,7705,twse,30.8,96.0
2026-08-11,7708,tpex,92.9,0.0
2026-08-11,7709,tpex,72.6,265.0
2026-08-11,7711,twse,407.0,1178.0
2026-08-11,7712,tpex,145.5,1119.0
2026-08-11,7713,tpex,70.6,0.0
2026-08-11,7714,tpex,153.5,672.0
2026-08-11,7715,tpex,33.8,554.0
2026-08-11,7717,tpex,411.0,375.0
2026-08-11,7718,tpex,47.35,113.0
2026-08-11,7721,twse,63.2,1140.0
2026-08-11,7722,twse,291.5,536.0
2026-08-11,7723,tpex,20.6,187.0
2026-08-11,7728,tpex,598.0,592.0
2026-08-11,7730,twse,163.0,513.0
2026-08-11,7732,twse,34.7,77.0
2026-08-11,7734,tpex,3230.0,652.0
2026-08-11,7736,twse,70.0,68.0
2026-08-11,7738,tpex,169.0,91.0
2026-08-11,7740,twse,159.5,1930.0
2026-08-11,7743,tpex,21.1,0.0
2026-08-11,7744,tpex,453.0,124.0
2026-08-11,7747,tpex,116.0,0.0
2026-08-11,7749,twse,359.5,1062.0
2026-08-11,7750,twse,2355.0,619.0
2026-08-11,7751,tpex,1255.0,0.0
2026-08-11,7753,tpex,37.8,83.0
2026-08-11,7757,tpex,91.0,12.0
2026-08-11,7760,twse,32.6,0.0
2026-08-11,7765,twse,225.5,457.0
2026-08-11,7767,tpex,48.75,0.0
2026-08-11,7768,twse,256.5,0.0
2026-08-11,7769,twse,6350.0,316.0
2026-08-11,7770,tpex,39.75,0.0
2026-08-11,7772,tpex,91.6,0.0
2026-08-11,7777,tpex,39.85,2085.0
2026-08-11,7780,twse,16.8,310.0
2026-08-11,7782,tpex,25.55,44.0
2026-08-11,7786,twse,130.5,334.0
2026-08-11,7788,twse,238.5,1981.0
2026-08-11,7791,twse,59.5,19.0
2026-08-11,7792,tpex,211.5,35.0
2026-08-11,7794,tpex,28.8,0.0
2026-08-11,7795,twse,460.0,1269.0
2026-08-11,7799,twse,359.0,1236.0
2026-08-11,7803,twse,19.75,0.0
2026-08-11,7805,tpex,687.0,44.0
2026-08-11,7810,tpex,196.0,40.0
2026-08-11,7811,tpex,71.1,0.0
2026-08-11,7814,tpex,31.0,0.0
2026-08-11,7818,twse,63.0,0.0
2026-08-11,7819,tpex,34.1,0.0
2026-08-11,7820,tpex,121.0,0.0
2026-08-11,7821,twse,39.7,0.0
2026-08-11,7822,twse,854.0,0.0
2026-08-11,7823,twse,84.5,0.0
2026-08-11,7827,twse,161.0,0.0
2026-08-11,7828,tpex,1605.0,0.0
2026-08-11,7835,twse,24.8,0.0
2026-08-11,7839,tpex,45.75,0.0
2026-08-11,7842,tpex,94.0,0.0
2026-08-11,7855,twse,43.75,0.0
2026-08-11,8011,twse,16.2,3397.0
2026-08-11,8016,twse,306.0,1479.0
2026-08-11,8021,twse,439.0,11131.0
2026-08-11,8024,tpex,13.8,47.0
2026-08-11,8027,tpex,181.5,7242.0
2026-08-11,8028,twse,261.0,5036.0
2026-08-11,8032,tpex,38.1,679.0
2026-08-11,8033,twse,189.0,6563.0
2026-08-11,8034,tpex,18.9,3591.0
2026-08-11,8038,tpex,32.45,0.0
2026-08-11,8039,twse,216.0,17289.0
2026-08-11,8040,tpex,74.7,3135.0
2026-08-11,8042,tpex,116.5,5031.0
2026-08-11,8043,tpex,147.5,4183.0
2026-08-11,8044,tpex,26.95,3457.0
2026-08-11,8045,twse,52.4,4859.0
2026-08-11,8046,twse,1150.0,10754.0
2026-08-11,8047,tpex,46.05,2.0
2026-08-11,8048,tpex,51.9,2951.0
2026-08-11,8049,tpex,26.6,284.0
2026-08-11,8050,tpex,61.6,5555.0
2026-08-11,8054,tpex,84.9,6713.0
2026-08-11,8059,tpex,14.85,0.0
2026-08-11,8064,tpex,102.5,6159.0
2026-08-11,8066,tpex,14.6,549.0
2026-08-11,8067,tpex,13.35,0.0
2026-08-11,8068,tpex,17.95,2065.0
2026-08-11,8069,tpex,165.0,10470.0
2026-08-11,8070,twse,48.55,5665.0
2026-08-11,8071,tpex,23.25,2049.0
2026-08-11,8072,twse,25.95,1817.0
2026-08-11,8074,tpex,56.4,3531.0
2026-08-11,8076,tpex,23.7,9330.0
2026-08-11,8077,tpex,44.45,0.0
2026-08-11,8080,tpex,28.05,0.0
2026-08-11,8081,twse,270.0,1702.0
2026-08-11,8083,tpex,159.5,16.0
2026-08-11,8084,tpex,52.8,0.0
2026-08-11,8085,tpex,11.35,692.0
2026-08-11,8086,tpex,116.5,9035.0
2026-08-11,8087,tpex,29.45,99.0
2026-08-11,8088,tpex,49.2,3559.0
2026-08-11,8089,tpex,18.3,1736.0
2026-08-11,8091,tpex,239.5,2240.0
2026-08-11,8092,tpex,13.05,0.0
2026-08-11,8093,tpex,21.85,0.0
2026-08-11,8096,tpex,121.5,27877.0
2026-08-11,8097,tpex,51.1,8908.0
2026-08-11,8099,tpex,57.4,12680.0
2026-08-11,8101,twse,11.35,0.0
2026-08-11,8102,tpex,68.7,23.0
2026-08-11,8103,twse,80.1,3383.0
2026-08-11,8104,twse,31.85,3410.0
2026-08-11,8105,twse,17.15,8327.0
2026-08-11,8107,tpex,12.1,1793.0
2026-08-11,8109,tpex,132.5,527.0
2026-08-11,8110,twse,46.3,14506.0
2026-08-11,8111,tpex,58.0,10572.0
2026-08-11,8112,twse,100.0,16820.0
2026-08-11,8114,twse,211.5,1416.0
2026-08-11,8121,tpex,30.3,0.0
2026-08-11,8131,twse,63.2,4696.0
2026-08-11,8147,tpex,127.0,1188.0
2026-08-11,8150,twse,99.0,21998.0
2026-08-11,8155,tpex,316.0,2908.0
2026-08-11,8162,twse,55.9,1552.0
2026-08-11,8163,twse,31.9,2401.0
2026-08-11,8171,tpex,20.5,8143.0
2026-08-11,8176,tpex,9.88,0.0
2026-08-11,8182,tpex,39.75,1719.0
2026-08-11,8183,tpex,30.15,2596.0
2026-08-11,8201,twse,12.0,0.0
2026-08-11,8210,twse,1015.0,2875.0
2026-08-11,8213,twse,32.55,3747.0
2026-08-11,8215,twse,24.8,3125.0
2026-08-11,8222,twse,38.65,3295.0
2026-08-11,8227,tpex,158.0,2019.0
2026-08-11,8234,tpex,70.7,4395.0
2026-08-11,8240,tpex,42.25,1816.0
2026-08-11,8249,twse,42.25,3794.0
2026-08-11,8255,tpex,142.0,2333.0
2026-08-11,8261,twse,184.0,6140.0
2026-08-11,8271,twse,234.5,6158.0
2026-08-11,8272,tpex,64.9,0.0
2026-08-11,8277,tpex,7.98,0.0
2026-08-11,8279,tpex,88.6,129.0
2026-08-11,8284,tpex,62.8,9.0
2026-08-11,8289,tpex,44.75,3153.0
2026-08-11,8291,tpex,41.7,0.0
2026-08-11,8299,tpex,2090.0,11361.0
2026-08-11,8341,twse,76.9,367.0
2026-08-11,8342,tpex,88.1,0.0
2026-08-11,8349,tpex,39.7,1987.0
2026-08-11,8354,tpex,17.95,2281.0
2026-08-11,8358,tpex,380.5,20479.0
2026-08-11,8367,twse,40.45,12.0
2026-08-11,8374,twse,82.2,1503.0
2026-08-11,8383,tpex,68.6,2301.0
2026-08-11,8390,tpex,99.1,2152.0
2026-08-11,8401,tpex,23.0,280.0
2026-08-11,8403,tpex,19.3,540.0
2026-08-11,8404,twse,16.15,3712.0
2026-08-11,8409,tpex,17.95,0.0
2026-08-11,8410,tpex,31.9,919.0
2026-08-11,8411,twse,13.0,41.0
2026-08-11,8415,tpex,38.2,1553.0
2026-08-11,8416,tpex,169.0,0.0
2026-08-11,8421,tpex,13.5,810.0
2026-08-11,8422,twse,26.65,24533.0
2026-08-11,8423,tpex,18.0,452.0
2026-08-11,8424,tpex,69.0,3.0
2026-08-11,8426,tpex,21.3,866.0
2026-08-11,8429,twse,6.02,14370.0
2026-08-11,8431,tpex,48.75,2671.0
2026-08-11,8432,tpex,50.4,102.0
2026-08-11,8433,tpex,55.5,188.0
2026-08-11,8435,tpex,53.6,132.0
2026-08-11,8436,tpex,126.0,1710.0
2026-08-11,8437,tpex,9.08,479.0
2026-08-11,8438,twse,67.0,3417.0
2026-08-11,8440,tpex,19.75,1208.0
2026-08-11,8442,twse,44.05,694.0
2026-08-11,8443,twse,11.5,28.0
2026-08-11,8444,tpex,4.99,1.0
2026-08-11,8446,tpex,85.6,245.0
2026-08-11,8450,tpex,15.1,47.0
2026-08-11,8454,twse,271.0,1553.0
2026-08-11,8455,tpex,24.65,0.0
2026-08-11,8462,twse,169.5,1047.0
2026-08-11,8463,twse,20.8,111.0
2026-08-11,8464,twse,398.0,45.0
2026-08-11,8466,twse,16.6,1291.0
2026-08-11,8467,twse,106.0,254.0
2026-08-11,8472,tpex,72.6,294.0
2026-08-11,8473,twse,42.05,3287.0
2026-08-11,8476,twse,19.9,18171.0
2026-08-11,8477,tpex,15.9,0.0
2026-08-11,8478,twse,147.0,1028.0
2026-08-11,8481,twse,40.75,10.0
2026-08-11,8482,twse,50.1,161.0
2026-08-11,8487,twse,72.1,39.0
2026-08-11,8488,twse,10.15,19.0
2026-08-11,8489,tpex,22.95,2859.0
2026-08-11,8499,twse,265.0,580.0
2026-08-11,8905,tpex,34.65,17.0
2026-08-11,8906,tpex,28.25,132.0
2026-08-11,8908,tpex,39.9,83.0
2026-08-11,8916,tpex,43.25,197.0
2026-08-11,8917,tpex,53.0,13.0
2026-08-11,8921,tpex,17.15,0.0
2026-08-11,8923,tpex,0.0,442.0
2026-08-11,8924,tpex,51.8,680.0
2026-08-11,8926,twse,55.8,6600.0
2026-08-11,8927,tpex,19.6,2281.0
2026-08-11,8928,tpex,23.6,582.0
2026-08-11,8929,tpex,13.45,127.0
2026-08-11,8930,tpex,30.1,746.0
2026-08-11,8931,tpex,40.4,5400.0
2026-08-11,8932,tpex,105.0,61107.0
2026-08-11,8933,tpex,4.7,0.0
2026-08-11,8935,tpex,18.1,0.0
2026-08-11,8936,tpex,52.0,9517.0
2026-08-11,8937,tpex,23.4,19420.0
2026-08-11,8938,tpex,52.9,661.0
2026-08-11,8940,twse,15.3,93.0
2026-08-11,8941,tpex,43.8,19.0
2026-08-11,8942,tpex,39.45,654.0
2026-08-11,8996,twse,1065.0,5031.0
2026-08-11,9103,twse,5.18,3449.0
2026-08-11,9105,twse,8.27,46266.0
2026-08-11,9110,twse,3.14,0.0
2026-08-11,9136,twse,11.4,12492.0
2026-08-11,9802,twse,74.9,2071.0
2026-08-11,9902,twse,13.8,3156.0
2026-08-11,9904,twse,24.05,26399.0
2026-08-11,9905,twse,21.55,25.0
2026-08-11,9906,twse,40.85,418.0
2026-08-11,9907,twse,14.8,4134.0
2026-08-11,9908,twse,29.05,126.0
2026-08-11,9910,twse,71.3,2017.0
2026-08-11,9911,twse,82.3,422.0
2026-08-11,9912,twse,12.45,0.0
2026-08-11,9914,twse,94.3,2506.0
2026-08-11,9917,twse,107.5,80.0
2026-08-11,9918,twse,42.65,94.0
2026-08-11,9919,twse,13.9,8272.0
2026-08-11,9921,twse,111.5,1511.0
2026-08-11,9924,twse,38.5,740.0
2026-08-11,9925,twse,40.15,2.0
2026-08-11,9926,twse,49.05,9.0
2026-08-11,9927,twse,69.2,63.0
2026-08-11,9928,twse,18.25,486.0
2026-08-11,9929,twse,11.45,0.0
2026-08-11,9930,twse,62.3,20.0
2026-08-11,9931,twse,33.8,67.0
2026-08-11,9933,twse,38.65,4014.0
2026-08-11,9934,twse,11.4,5851.0
2026-08-11,9935,twse,20.1,1380.0
2026-08-11,9937,twse,55.1,133.0
2026-08-11,9938,twse,42.5,3183.0
2026-08-11,9939,twse,135.5,1223.0
2026-08-11,9940,twse,21.05,1223.0
2026-08-11,9941,twse,85.4,998.0
2026-08-11,9942,twse,117.5,23.0
2026-08-11,9943,twse,51.9,85.0
2026-08-11,9944,twse,17.25,5528.0
2026-08-11,9945,twse,27.05,19692.0
2026-08-11,9946,twse,18.15,1083.0
2026-08-11,9949,tpex,24.0,5936.0
2026-08-11,9950,tpex,10.5,0.0
2026-08-11,9951,tpex,53.3,207.0
2026-08-11,9955,twse,25.1,1062.0
2026-08-11,9958,twse,113.5,7963.0
2026-08-11,9960,tpex,31.15,787.0
2026-08-11,9962,tpex,10.35,316.0
2026-08-11,TAIEX,index,45120.72,0
2026-08-12,0050,twse,105.2,21014.0
2026-08-12,0051,twse,144.9,4.0
2026-08-12,0052,twse,61.5,11643.0
2026-08-12,0053,twse,239.5,18.0
2026-08-12,0055,twse,43.75,63.0
2026-08-12,0056,twse,52.7,5823.0
2026-08-12,0057,twse,313.5,0.0
2026-08-12,0061,twse,25.1,13.0
2026-08-12,1101,twse,24.45,33703.0
2026-08-12,1102,twse,32.35,1657.0
2026-08-12,1103,twse,13.2,4372.0
2026-08-12,1104,twse,26.65,1700.0
2026-08-12,1108,twse,11.7,435.0
2026-08-12,1109,twse,13.55,270.0
2026-08-12,1110,twse,16.3,2498.0
2026-08-12,1201,twse,12.25,1407.0
2026-08-12,1203,twse,45.9,22.0
2026-08-12,1210,twse,53.0,600.0
2026-08-12,1213,twse,7.68,0.0
2026-08-12,1215,twse,108.5,422.0
2026-08-12,1216,twse,76.3,1001.0
2026-08-12,1217,twse,9.9,1645.0
2026-08-12,1218,twse,15.55,1608.0
2026-08-12,1219,twse,10.95,219.0
2026-08-12,1220,twse,11.05,819.0
2026-08-12,1225,twse,24.9,6783.0
2026-08-12,1227,twse,28.7,1014.0
2026-08-12,1229,twse,41.5,3031.0
2026-08-12,1231,twse,81.4,267.0
2026-08-12,1232,twse,155.0,189.0
2026-08-12,1233,twse,27.9,22.0
2026-08-12,1234,twse,33.65,11.0
2026-08-12,1235,twse,35.55,1157.0
2026-08-12,1236,twse,24.9,166.0
2026-08-12,1240,tpex,56.4,19.0
2026-08-12,1256,twse,180.0,325.0
2026-08-12,1259,tpex,61.9,43.0
2026-08-12,1264,tpex,258.5,2.0
2026-08-12,1268,tpex,180.5,18.0
2026-08-12,1294,tpex,59.1,166.0
2026-08-12,1295,tpex,46.8,163.0
2026-08-12,1301,twse,56.2,20826.0
2026-08-12,1303,twse,189.0,55622.0
2026-08-12,1304,twse,12.1,10294.0
2026-08-12,1305,twse,11.75,6218.0
2026-08-12,1307,twse,30.9,1388.0
2026-08-12,1308,twse,13.7,6056.0
2026-08-12,1309,twse,13.15,7157.0
2026-08-12,1310,twse,8.09,11645.0
2026-08-12,1312,twse,11.75,37701.0
2026-08-12,1313,twse,11.4,11398.0
2026-08-12,1314,twse,7.78,66835.0
2026-08-12,1315,twse,63.6,14.0
2026-08-12,1316,twse,10.25,9418.0
2026-08-12,1319,twse,79.2,6918.0
2026-08-12,1321,twse,32.3,7233.0
2026-08-12,1323,twse,21.6,82.0
2026-08-12,1324,twse,10.05,1263.0
2026-08-12,1325,twse,26.55,2269.0
2026-08-12,1326,twse,59.6,31883.0
2026-08-12,1336,tpex,16.2,2791.0
2026-08-12,1337,twse,4.69,21470.0
2026-08-12,1338,twse,15.1,3965.0
2026-08-12,1339,twse,46.05,912.0
2026-08-12,1340,twse,5.2,1029.0
2026-08-12,1341,twse,59.7,0.0
2026-08-12,1342,twse,103.0,541.0
2026-08-12,1402,twse,27.55,7428.0
2026-08-12,1409,twse,24.8,23581.0
2026-08-12,1410,twse,26.05,242.0
2026-08-12,1413,twse,9.31,0.0
2026-08-12,1414,twse,19.05,1337.0
2026-08-12,1416,twse,11.4,5734.0
2026-08-12,1417,twse,8.3,1979.0
2026-08-12,1418,twse,18.05,778.0
2026-08-12,1419,twse,65.3,1274.0
2026-08-12,1423,twse,35.6,86.0
2026-08-12,1432,twse,15.15,125.0
2026-08-12,1434,twse,17.7,6926.0
2026-08-12,1435,twse,23.7,0.0
2026-08-12,1436,twse,37.85,987.0
2026-08-12,1437,twse,30.4,3244.0
2026-08-12,1438,twse,22.4,136.0
2026-08-12,1439,twse,28.85,1024.0
2026-08-12,1440,twse,13.6,5782.0
2026-08-12,1441,twse,8.97,0.0
2026-08-12,1442,twse,29.65,2656.0
2026-08-12,1443,twse,25.75,8.0
2026-08-12,1444,twse,7.25,556.0
2026-08-12,1445,twse,10.2,1365.0
2026-08-12,1446,twse,14.0,1405.0
2026-08-12,1447,twse,7.05,708.0
2026-08-12,1449,twse,12.65,3095.0
2026-08-12,1451,twse,17.4,575.0
2026-08-12,1452,twse,11.35,108.0
2026-08-12,1453,twse,11.25,851.0
2026-08-12,1454,twse,12.8,2169.0
2026-08-12,1455,twse,9.97,3275.0
2026-08-12,1456,twse,13.8,785.0
2026-08-12,1457,twse,14.4,682.0
2026-08-12,1459,twse,14.45,274.0
2026-08-12,1460,twse,6.66,0.0
2026-08-12,1463,twse,17.7,538.0
2026-08-12,1464,twse,10.25,1981.0
2026-08-12,1465,twse,12.4,3179.0
2026-08-12,1466,twse,16.6,3239.0
2026-08-12,1467,twse,9.15,7040.0
2026-08-12,1468,twse,13.4,0.0
2026-08-12,1470,twse,23.45,4.0
2026-08-12,1471,twse,9.5,0.0
2026-08-12,1472,twse,89.5,3882.0
2026-08-12,1473,twse,20.15,762.0
2026-08-12,1474,twse,10.1,3334.0
2026-08-12,1475,twse,27.1,464.0
2026-08-12,1476,twse,324.5,1168.0
2026-08-12,1477,twse,219.0,1248.0
2026-08-12,1503,twse,199.0,2852.0
2026-08-12,1504,twse,67.3,27722.0
2026-08-12,1506,twse,10.5,0.0
2026-08-12,1512,twse,6.65,0.0
2026-08-12,1513,twse,165.5,7127.0
2026-08-12,1514,twse,102.0,6154.0
2026-08-12,1515,twse,31.25,2368.0
2026-08-12,1516,twse,15.45,2.0
2026-08-12,1517,twse,12.05,2018.0
2026-08-12,1519,twse,720.0,2869.0
2026-08-12,1521,twse,25.5,447.0
2026-08-12,1522,twse,28.5,3626.0
2026-08-12,1524,twse,27.15,3791.0
2026-08-12,1525,twse,67.3,229.0
2026-08-12,1526,twse,18.55,883.0
2026-08-12,1527,twse,32.8,517.0
2026-08-12,1528,twse,19.4,5665.0
2026-08-12,1529,twse,17.1,2752.0
2026-08-12,1530,twse,28.65,263.0
2026-08-12,1531,twse,12.95,1715.0
2026-08-12,1532,twse,22.0,2913.0
2026-08-12,1533,twse,32.1,554.0
2026-08-12,1535,twse,46.1,54.0
2026-08-12,1536,twse,52.0,7585.0
2026-08-12,1537,twse,127.5,63.0
2026-08-12,1538,twse,0.0,0.0
2026-08-12,1539,twse,16.25,1239.0
2026-08-12,1540,twse,19.8,1489.0
2026-08-12,1541,twse,21.6,103.0
2026-08-12,1558,twse,97.0,241.0
2026-08-12,1560,twse,728.0,1622.0
2026-08-12,1563,twse,65.3,6180.0
2026-08-12,1565,tpex,96.4,1091.0
2026-08-12,1568,twse,28.9,2134.0
2026-08-12,1569,tpex,41.3,10812.0
2026-08-12,1570,tpex,33.9,1777.0
2026-08-12,1580,tpex,110.5,27.0
2026-08-12,1582,twse,75.4,3593.0
2026-08-12,1583,twse,49.65,66.0
2026-08-12,1584,tpex,18.0,5656.0
2026-08-12,1586,tpex,18.35,15854.0
2026-08-12,1587,twse,24.5,1654.0
2026-08-12,1589,twse,0.0,655.0
2026-08-12,1590,twse,1595.0,232.0
2026-08-12,1591,tpex,37.15,1255.0
2026-08-12,1593,tpex,31.6,134.0
2026-08-12,1595,tpex,65.6,4388.0
2026-08-12,1597,twse,149.0,2973.0
2026-08-12,1598,twse,20.6,2127.0
2026-08-12,1599,tpex,23.8,273.0
2026-08-12,1603,twse,29.95,1980.0
2026-08-12,1604,twse,23.15,200.0
2026-08-12,1605,twse,40.0,40931.0
2026-08-12,1608,twse,37.95,7258.0
2026-08-12,1609,twse,37.7,12165.0
2026-08-12,1611,twse,11.95,3217.0
2026-08-12,1612,twse,34.65,1932.0
2026-08-12,1614,twse,30.8,300.0
2026-08-12,1615,twse,44.8,162.0
2026-08-12,1616,twse,19.9,2723.0
2026-08-12,1617,twse,19.0,1679.0
2026-08-12,1618,twse,41.35,3331.0
2026-08-12,1623,twse,213.0,28.0
2026-08-12,1626,twse,9.54,1615.0
2026-08-12,1702,twse,33.2,293.0
2026-08-12,1707,twse,89.0,344.0
2026-08-12,1708,twse,49.3,5915.0
2026-08-12,1709,twse,28.0,20122.0
2026-08-12,1710,twse,15.25,11952.0
2026-08-12,1711,twse,39.25,14488.0
2026-08-12,1712,twse,39.1,461.0
2026-08-12,1713,twse,46.0,2944.0
2026-08-12,1714,twse,17.4,17508.0
2026-08-12,1717,twse,78.6,16645.0
2026-08-12,1718,twse,11.2,22721.0
2026-08-12,1720,twse,56.5,295.0
2026-08-12,1721,twse,20.2,126.0
2026-08-12,1722,twse,46.1,2823.0
2026-08-12,1723,twse,84.8,587.0
2026-08-12,1725,twse,30.9,263.0
2026-08-12,1726,twse,77.5,25.0
2026-08-12,1727,twse,79.3,6096.0
2026-08-12,1730,twse,51.6,5.0
2026-08-12,1731,twse,20.95,303.0
2026-08-12,1732,twse,26.5,782.0
2026-08-12,1733,twse,30.7,2468.0
2026-08-12,1734,twse,31.7,293.0
2026-08-12,1735,twse,20.65,696.0
2026-08-12,1736,twse,139.0,1992.0
2026-08-12,1737,twse,32.0,21.0
2026-08-12,1742,tpex,17.65,3881.0
2026-08-12,1752,twse,32.1,329.0
2026-08-12,1760,twse,58.8,1017.0
2026-08-12,1762,twse,35.45,786.0
2026-08-12,1773,twse,161.0,1108.0
2026-08-12,1776,twse,17.25,758.0
2026-08-12,1777,tpex,74.7,54.0
2026-08-12,1780,tpex,23.05,0.0
2026-08-12,1781,tpex,11.0,0.0
2026-08-12,1783,twse,40.35,546.0
2026-08-12,1784,tpex,61.8,1233.0
2026-08-12,1785,tpex,106.5,26900.0
2026-08-12,1786,twse,51.6,4962.0
2026-08-12,1788,tpex,130.0,2.0
2026-08-12,1789,twse,18.85,3297.0
2026-08-12,1795,twse,188.5,8459.0
2026-08-12,1796,tpex,0.0,337.0
2026-08-12,1799,tpex,30.15,389.0
2026-08-12,1802,twse,57.6,35028.0
2026-08-12,1805,twse,10.05,1486.0
2026-08-12,1806,twse,7.97,2829.0
2026-08-12,1808,twse,32.75,5929.0
2026-08-12,1809,twse,40.7,5504.0
2026-08-12,1810,twse,24.2,21189.0
2026-08-12,1813,tpex,11.45,16.0
2026-08-12,1815,tpex,90.0,42866.0
2026-08-12,1817,twse,39.5,21.0
2026-08-12,1903,twse,47.55,2449.0
2026-08-12,1904,twse,25.15,4303.0
2026-08-12,1905,twse,13.75,12674.0
2026-08-12,1906,twse,12.1,7335.0
2026-08-12,1907,twse,30.15,24080.0
2026-08-12,1909,twse,0.0,9768.0
2026-08-12,2002,twse,19.75,40559.0
2026-08-12,2006,twse,83.8,1172.0
2026-08-12,2007,twse,7.07,5.0
2026-08-12,2008,twse,30.55,92.0
2026-08-12,2009,twse,41.35,6793.0
2026-08-12,2010,twse,22.95,2159.0
2026-08-12,2012,twse,15.0,189.0
2026-08-12,2013,twse,41.45,1409.0
2026-08-12,2014,twse,17.45,1084.0
2026-08-12,2015,twse,63.5,39.0
2026-08-12,2017,twse,8.89,8114.0
2026-08-12,2020,twse,21.15,712.0
2026-08-12,2022,twse,7.83,2097.0
2026-08-12,2023,twse,13.8,2743.0
2026-08-12,2024,twse,13.3,67.0
2026-08-12,2025,twse,12.65,0.0
2026-08-12,2027,twse,46.85,26404.0
2026-08-12,2028,twse,15.5,1184.0
2026-08-12,2029,twse,21.45,448.0
2026-08-12,2030,twse,21.55,4801.0
2026-08-12,2031,twse,45.35,1506.0
2026-08-12,2032,twse,17.35,2636.0
2026-08-12,2033,twse,22.0,2845.0
2026-08-12,2034,twse,20.2,3568.0
2026-08-12,2035,tpex,0.0,0.0
2026-08-12,2038,twse,12.8,3537.0
2026-08-12,2049,twse,369.0,3511.0
2026-08-12,2059,twse,12045.0,565.0
2026-08-12,2061,tpex,62.5,5312.0
2026-08-12,2062,twse,18.7,1331.0
2026-08-12,2063,tpex,24.2,120.0
2026-08-12,2064,tpex,12.25,44.0
2026-08-12,2065,tpex,36.45,72.0
2026-08-12,2066,tpex,61.5,3753.0
2026-08-12,2067,tpex,6.38,0.0
2026-08-12,2069,twse,19.9,438.0
2026-08-12,2070,tpex,63.4,1215.0
2026-08-12,2072,twse,151.0,0.0
2026-08-12,2073,tpex,25.6,0.0
2026-08-12,2101,twse,34.3,21661.0
2026-08-12,2102,twse,19.0,3495.0
2026-08-12,2103,twse,27.35,14697.0
2026-08-12,2104,twse,10.35,19491.0
2026-08-12,2105,twse,32.1,8995.0
2026-08-12,2106,twse,18.2,2828.0
2026-08-12,2107,twse,25.35,95.0
2026-08-12,2108,twse,30.85,2661.0
2026-08-12,2109,twse,14.75,675.0
2026-08-12,2114,twse,88.4,6.0
2026-08-12,2115,twse,23.05,486.0
2026-08-12,2201,twse,28.35,9727.0
2026-08-12,2204,twse,51.5,1375.0
2026-08-12,2206,twse,60.8,3842.0
2026-08-12,2207,twse,504.0,75.0
2026-08-12,2208,twse,19.05,0.0
2026-08-12,2211,twse,87.6,544.0
2026-08-12,2221,tpex,50.2,707.0
2026-08-12,2227,twse,48.85,0.0
2026-08-12,2228,twse,75.3,1504.0
2026-08-12,2230,tpex,26.0,3463.0
2026-08-12,2231,twse,99.0,2608.0
2026-08-12,2233,twse,204.0,4255.0
2026-08-12,2235,tpex,28.0,32.0
2026-08-12,2236,twse,130.0,11875.0
2026-08-12,2237,twse,27.45,0.0
2026-08-12,2239,twse,19.35,1580.0
2026-08-12,2241,twse,33.25,7892.0
2026-08-12,2243,twse,41.0,1285.0
2026-08-12,2247,twse,228.5,151.0
2026-08-12,2248,twse,56.4,600.0
2026-08-12,2250,twse,60.3,1167.0
2026-08-12,2254,twse,60.7,2513.0
2026-08-12,2258,twse,31.95,0.0
2026-08-12,2301,twse,259.5,13764.0
2026-08-12,2302,twse,45.55,4097.0
2026-08-12,2303,twse,123.0,158957.0
2026-08-12,2305,twse,27.8,6302.0
2026-08-12,2308,twse,1790.0,8546.0
2026-08-12,2312,twse,33.5,44220.0
2026-08-12,2313,twse,209.0,31196.0
2026-08-12,2314,twse,11.45,0.0
2026-08-12,2316,twse,161.5,3834.0
2026-08-12,2317,twse,270.0,51183.0
2026-08-12,2321,twse,15.35,0.0
2026-08-12,2323,twse,10.3,30329.0
2026-08-12,2324,twse,39.9,55119.0
2026-08-12,2327,twse,602.0,39351.0
2026-08-12,2328,twse,46.5,16256.0
2026-08-12,2329,twse,44.7,13574.0
2026-08-12,2330,twse,2415.0,28604.0
2026-08-12,2331,twse,19.3,9671.0
2026-08-12,2332,twse,22.3,30028.0
2026-08-12,2337,twse,136.5,93436.0
2026-08-12,2338,twse,40.45,5018.0
2026-08-12,2340,twse,31.75,7470.0
2026-08-12,2342,twse,38.4,3441.0
2026-08-12,2344,twse,177.0,136941.0
2026-08-12,2345,twse,2215.0,1930.0
2026-08-12,2347,twse,91.6,1302.0
2026-08-12,2348,twse,70.6,2657.0
2026-08-12,2349,twse,11.1,0.0
2026-08-12,2351,twse,172.0,11298.0
2026-08-12,2352,twse,28.9,15224.0
2026-08-12,2353,twse,31.75,39069.0
2026-08-12,2354,twse,63.0,27874.0
2026-08-12,2355,twse,42.8,8849.0
2026-08-12,2356,twse,69.0,26682.0
2026-08-12,2357,twse,852.0,1991.0
2026-08-12,2359,twse,143.0,7057.0
2026-08-12,2360,twse,2195.0,1678.0
2026-08-12,2362,twse,48.9,2975.0
2026-08-12,2363,twse,55.4,16854.0
2026-08-12,2364,twse,78.5,903.0
2026-08-12,2365,twse,31.2,8095.0
2026-08-12,2367,twse,45.75,24233.0
2026-08-12,2368,twse,1000.0,8122.0
2026-08-12,2369,twse,33.15,12815.0
2026-08-12,2371,twse,26.35,46472.0
2026-08-12,2373,twse,53.3,46.0
2026-08-12,2374,twse,71.5,15747.0
2026-08-12,2375,twse,127.0,5580.0
2026-08-12,2376,twse,375.5,7420.0
2026-08-12,2377,twse,169.0,15634.0
2026-08-12,2379,twse,766.0,2533.0
2026-08-12,2380,twse,20.6,0.0
2026-08-12,2382,twse,325.5,17927.0
2026-08-12,2383,twse,5730.0,1900.0
2026-08-12,2385,twse,105.0,3102.0
2026-08-12,2387,twse,37.05,1286.0
2026-08-12,2388,twse,77.5,10075.0
2026-08-12,2390,twse,10.6,1969.0
2026-08-12,2392,twse,39.8,4481.0
2026-08-12,2393,twse,63.3,2801.0
2026-08-12,2395,twse,686.0,2036.0
2026-08-12,2397,twse,66.7,1647.0
2026-08-12,2399,twse,45.1,10910.0
2026-08-12,2401,twse,27.7,7526.0
2026-08-12,2402,twse,56.7,11637.0
2026-08-12,2404,twse,1135.0,2293.0
2026-08-12,2405,twse,15.9,7581.0
2026-08-12,2406,twse,31.65,13387.0
2026-08-12,2408,twse,482.5,89085.0
2026-08-12,2409,twse,26.25,223719.0
2026-08-12,2412,twse,136.0,1948.0
2026-08-12,2413,twse,45.75,4150.0
2026-08-12,2414,twse,52.8,468.0
2026-08-12,2415,twse,31.3,2486.0
2026-08-12,2417,twse,45.2,3552.0
2026-08-12,2419,twse,24.95,5884.0
2026-08-12,2420,twse,56.8,715.0
2026-08-12,2421,twse,150.5,3999.0
2026-08-12,2423,twse,75.0,631.0
2026-08-12,2424,twse,8.98,0.0
2026-08-12,2425,twse,41.9,6612.0
2026-08-12,2426,twse,68.9,15998.0
2026-08-12,2427,twse,21.75,5420.0
2026-08-12,2428,twse,254.5,2177.0
2026-08-12,2429,twse,31.25,386.0
2026-08-12,2430,twse,17.15,98.0
2026-08-12,2431,twse,10.35,1519.0
2026-08-12,2432,twse,28.5,309.0
2026-08-12,2433,twse,41.85,24.0
2026-08-12,2434,twse,53.9,398.0
2026-08-12,2436,twse,67.6,6178.0
2026-08-12,2438,twse,18.8,0.0
2026-08-12,2439,twse,81.1,3860.0
2026-08-12,2440,twse,15.65,1669.0
2026-08-12,2441,twse,125.5,9395.0
2026-08-12,2442,twse,19.6,3881.0
2026-08-12,2444,twse,11.5,0.0
2026-08-12,2449,twse,259.0,18937.0
2026-08-12,2450,twse,28.2,84.0
2026-08-12,2451,twse,294.5,6413.0
2026-08-12,2453,twse,52.7,2338.0
2026-08-12,2454,twse,4015.0,10009.0
2026-08-12,2455,twse,384.5,11185.0
2026-08-12,2457,twse,23.5,12031.0
2026-08-12,2458,twse,146.0,3731.0
2026-08-12,2459,twse,66.2,107.0
2026-08-12,2460,twse,30.8,207.0
2026-08-12,2461,twse,18.0,8033.0
2026-08-12,2462,twse,19.7,2330.0
2026-08-12,2464,twse,196.5,21637.0
2026-08-12,2465,twse,95.5,3825.0
2026-08-12,2466,twse,94.0,6107.0
2026-08-12,2467,twse,552.0,1794.0
2026-08-12,2468,twse,34.75,3295.0
2026-08-12,2471,twse,50.1,1271.0
2026-08-12,2472,twse,250.0,4919.0
2026-08-12,2474,twse,205.0,9277.0
2026-08-12,2476,twse,128.0,40597.0
2026-08-12,2477,twse,21.8,1252.0
2026-08-12,2478,twse,128.5,8113.0
2026-08-12,2480,twse,154.0,378.0
2026-08-12,2481,twse,139.0,13018.0
2026-08-12,2482,twse,16.15,1890.0
2026-08-12,2483,twse,36.45,1837.0
2026-08-12,2484,twse,73.9,16644.0
2026-08-12,2485,twse,44.0,11108.0
2026-08-12,2486,twse,230.0,22450.0
2026-08-12,2488,twse,50.4,443.0
2026-08-12,2489,twse,33.0,28410.0
2026-08-12,2491,twse,34.5,1601.0
2026-08-12,2492,twse,288.0,16271.0
2026-08-12,2493,twse,243.0,11217.0
2026-08-12,2495,twse,39.95,7810.0
2026-08-12,2496,twse,59.7,34.0
2026-08-12,2497,twse,48.8,1833.0
2026-08-12,2498,twse,40.5,28381.0
2026-08-12,2501,twse,23.15,4450.0
2026-08-12,2504,twse,31.2,4656.0
2026-08-12,2505,twse,18.15,3338.0
2026-08-12,2506,twse,8.6,1841.0
2026-08-12,2509,twse,13.55,583.0
2026-08-12,2511,twse,8.29,2508.0
2026-08-12,2514,twse,12.2,18134.0
2026-08-12,2515,twse,11.95,29644.0
2026-08-12,2516,twse,13.95,0.0
2026-08-12,2520,twse,35.25,2061.0
2026-08-12,2524,twse,34.65,3197.0
2026-08-12,2527,twse,46.35,5470.0
2026-08-12,2528,twse,20.6,6439.0
2026-08-12,2530,twse,19.4,6813.0
2026-08-12,2534,twse,17.0,11931.0
2026-08-12,2535,twse,88.8,277.0
2026-08-12,2536,twse,21.25,6055.0
2026-08-12,2537,twse,11.05,3642.0
2026-08-12,2538,twse,9.13,2465.0
2026-08-12,2539,twse,42.15,2118.0
2026-08-12,2540,twse,44.5,3021.0
2026-08-12,2542,twse,44.8,4592.0
2026-08-12,2543,twse,41.0,9402.0
2026-08-12,2545,twse,34.95,2764.0
2026-08-12,2546,twse,99.6,129.0
2026-08-12,2547,twse,10.1,10360.0
2026-08-12,2548,twse,93.6,2197.0
2026-08-12,2596,tpex,32.15,2282.0
2026-08-12,2597,twse,167.0,160.0
2026-08-12,2601,twse,6.16,365.0
2026-08-12,2603,twse,214.5,14917.0
2026-08-12,2605,twse,32.55,14179.0
2026-08-12,2606,twse,67.4,2789.0
2026-08-12,2607,twse,50.5,760.0
2026-08-12,2608,twse,28.6,1128.0
2026-08-12,2609,twse,51.7,31884.0
2026-08-12,2610,twse,20.25,48932.0
2026-08-12,2611,twse,13.9,2177.0
2026-08-12,2612,twse,55.0,1585.0
2026-08-12,2613,twse,20.45,2100.0
2026-08-12,2614,twse,17.95,5378.0
2026-08-12,2615,twse,87.1,15523.0
2026-08-12,2616,twse,13.4,434.0
2026-08-12,2617,twse,29.0,2039.0
2026-08-12,2618,twse,42.15,31803.0
2026-08-12,2630,twse,47.9,5230.0
2026-08-12,2633,twse,25.8,1705.0
2026-08-12,2634,twse,61.7,24386.0
2026-08-12,2636,twse,67.6,646.0
2026-08-12,2637,twse,88.0,2439.0
2026-08-12,2640,tpex,149.0,498.0
2026-08-12,2641,tpex,17.5,10796.0
2026-08-12,2642,twse,20.4,602.0
2026-08-12,2643,tpex,62.7,88.0
2026-08-12,2645,twse,182.0,3017.0
2026-08-12,2646,twse,20.55,3861.0
2026-08-12,2701,twse,10.65,376.0
2026-08-12,2702,twse,12.45,429.0
2026-08-12,2704,twse,45.35,115.0
2026-08-12,2705,twse,16.05,552.0
2026-08-12,2706,twse,12.5,656.0
2026-08-12,2707,twse,179.0,167.0
2026-08-12,2712,twse,14.35,7.0
2026-08-12,2718,tpex,45.55,113.0
2026-08-12,2719,tpex,21.2,115.0
2026-08-12,2722,twse,21.8,415.0
2026-08-12,2723,twse,61.6,1680.0
2026-08-12,2724,tpex,10.85,0.0
2026-08-12,2726,tpex,8.88,283.0
2026-08-12,2727,twse,234.0,303.0
2026-08-12,2729,tpex,161.0,9.0
2026-08-12,2731,twse,145.5,889.0
2026-08-12,2732,tpex,63.5,287.0
2026-08-12,2734,tpex,15.0,586.0
2026-08-12,2736,tpex,11.5,532.0
2026-08-12,2739,twse,34.5,902.0
2026-08-12,2740,tpex,30.75,0.0
2026-08-12,2743,tpex,56.8,676.0
2026-08-12,2745,tpex,88.5,522.0
2026-08-12,2748,twse,38.45,501.0
2026-08-12,2751,tpex,54.0,3.0
2026-08-12,2752,tpex,178.5,0.0
2026-08-12,2753,twse,183.0,526.0
2026-08-12,2754,tpex,72.6,328.0
2026-08-12,2755,tpex,104.5,36.0
2026-08-12,2756,tpex,56.5,302.0
2026-08-12,2762,twse,83.6,215.0
2026-08-12,2801,twse,23.7,8372.0
2026-08-12,2812,twse,18.65,2750.0
2026-08-12,2816,twse,34.1,537.0
2026-08-12,2820,twse,16.2,512.0
2026-08-12,2832,twse,58.5,552.0
2026-08-12,2834,twse,16.5,26631.0
2026-08-12,2836,twse,11.9,6752.0
2026-08-12,2838,twse,19.9,860.0
2026-08-12,2845,twse,13.1,4151.0
2026-08-12,2849,twse,14.45,251.0
2026-08-12,2850,twse,158.0,306.0
2026-08-12,2851,twse,36.7,930.0
2026-08-12,2852,twse,26.9,1567.0
2026-08-12,2855,twse,47.5,5149.0
2026-08-12,2867,twse,9.43,1866.0
2026-08-12,2880,twse,43.2,1079.0
2026-08-12,2881,twse,127.0,7028.0
2026-08-12,2882,twse,99.7,4297.0
2026-08-12,2883,twse,31.2,10529.0
2026-08-12,2884,twse,36.75,5210.0
2026-08-12,2885,twse,68.6,1830.0
2026-08-12,2886,twse,48.7,1894.0
2026-08-12,2887,twse,35.65,39494.0
2026-08-12,2889,twse,15.2,2722.0
2026-08-12,2890,twse,39.85,2381.0
2026-08-12,2891,twse,66.6,3246.0
2026-08-12,2892,twse,33.15,2331.0
2026-08-12,2897,twse,10.1,1660.0
2026-08-12,2901,twse,24.1,472.0
2026-08-12,2903,twse,22.0,1571.0
2026-08-12,2904,twse,13.0,32.0
2026-08-12,2905,twse,16.4,7695.0
2026-08-12,2906,twse,13.5,603.0
2026-08-12,2908,twse,21.85,14008.0
2026-08-12,2910,twse,24.4,47.0
2026-08-12,2911,twse,7.0,180.0
2026-08-12,2912,twse,219.5,686.0
2026-08-12,2913,twse,11.0,7055.0
2026-08-12,2915,twse,54.5,8617.0
2026-08-12,2916,tpex,41.0,116.0
2026-08-12,2923,twse,27.25,0.0
2026-08-12,2924,tpex,16.4,4.0
2026-08-12,2926,tpex,30.65,4.0
2026-08-12,2929,twse,5.89,1942.0
2026-08-12,2937,tpex,46.0,0.0
2026-08-12,2939,twse,19.9,243.0
2026-08-12,2945,twse,40.25,0.0
2026-08-12,2947,tpex,62.1,0.0
2026-08-12,2948,tpex,38.25,0.0
2026-08-12,2949,tpex,61.0,0.0
2026-08-12,3002,twse,17.2,1855.0
2026-08-12,3003,twse,69.7,2397.0
2026-08-12,3004,twse,126.0,1853.0
2026-08-12,3005,twse,114.5,8863.0
2026-08-12,3006,twse,274.0,16941.0
2026-08-12,3008,twse,4585.0,2265.0
2026-08-12,3010,twse,132.5,1208.0
2026-08-12,3011,twse,11.3,3337.0
2026-08-12,3013,twse,86.7,8511.0
2026-08-12,3014,twse,135.0,2674.0
2026-08-12,3015,twse,55.7,2373.0
2026-08-12,3016,twse,104.0,7977.0
2026-08-12,3017,twse,2910.0,4529.0
2026-08-12,3018,twse,12.45,0.0
2026-08-12,3019,twse,137.5,10877.0
2026-08-12,3021,twse,21.05,608.0
2026-08-12,3022,twse,105.5,6221.0
2026-08-12,3023,twse,315.5,1085.0
2026-08-12,3024,twse,13.35,9925.0
2026-08-12,3025,twse,56.7,1618.0
2026-08-12,3026,twse,685.0,11026.0
2026-08-12,3027,twse,18.4,4596.0
2026-08-12,3028,twse,69.7,3056.0
2026-08-12,3029,twse,108.5,3178.0
2026-08-12,3030,twse,307.5,10263.0
2026-08-12,3031,twse,23.3,5234.0
2026-08-12,3032,twse,81.5,8330.0
2026-08-12,3033,twse,50.3,8549.0
2026-08-12,3034,twse,537.0,2599.0
2026-08-12,3035,twse,179.0,10069.0
2026-08-12,3036,twse,217.5,11963.0
2026-08-12,3037,twse,1000.0,39153.0
2026-08-12,3038,twse,20.5,1489.0
2026-08-12,3040,twse,37.7,10086.0
2026-08-12,3041,twse,23.45,3584.0
2026-08-12,3042,twse,181.5,17705.0
2026-08-12,3043,twse,20.6,865.0
2026-08-12,3044,twse,485.5,6929.0
2026-08-12,3045,twse,109.5,1580.0
2026-08-12,3046,twse,62.3,1161.0
2026-08-12,3047,twse,14.35,6545.0
2026-08-12,3048,twse,59.7,6262.0
2026-08-12,3049,twse,10.75,0.0
2026-08-12,3050,twse,11.55,3197.0
2026-08-12,3051,twse,23.25,4062.0
2026-08-12,3052,twse,10.85,1642.0
2026-08-12,3054,twse,48.35,1039.0
2026-08-12,3055,twse,117.0,5782.0
2026-08-12,3056,twse,14.1,3589.0
2026-08-12,3057,twse,16.3,0.0
2026-08-12,3058,twse,8.31,0.0
2026-08-12,3059,twse,40.8,11075.0
2026-08-12,3060,twse,28.9,8499.0
2026-08-12,3062,twse,21.3,9635.0
2026-08-12,3064,tpex,0.0,0.0
2026-08-12,3066,tpex,23.75,1307.0
2026-08-12,3067,tpex,17.95,0.0
2026-08-12,3071,tpex,25.15,3957.0
2026-08-12,3073,tpex,23.15,683.0
2026-08-12,3078,tpex,54.2,5708.0
2026-08-12,3081,tpex,2725.0,5498.0
2026-08-12,3083,tpex,24.55,1261.0
2026-08-12,3085,tpex,12.1,0.0
2026-08-12,3086,tpex,26.85,6809.0
2026-08-12,3088,tpex,140.0,2307.0
2026-08-12,3090,twse,170.5,7713.0
2026-08-12,3092,twse,23.95,3578.0
2026-08-12,3093,tpex,48.95,6054.0
2026-08-12,3094,twse,36.7,2757.0
2026-08-12,3095,tpex,38.0,413.0
2026-08-12,3105,tpex,400.0,45705.0
2026-08-12,3114,tpex,36.25,1138.0
2026-08-12,3115,tpex,8.8,0.0
2026-08-12,3118,tpex,0.0,29.0
2026-08-12,3122,tpex,26.1,53.0
2026-08-12,3128,tpex,22.1,1842.0
2026-08-12,3130,twse,207.0,9.0
2026-08-12,3131,tpex,2555.0,287.0
2026-08-12,3135,twse,165.5,3079.0
2026-08-12,3138,twse,97.6,1999.0
2026-08-12,3141,tpex,75.0,5261.0
2026-08-12,3147,tpex,229.5,1493.0
2026-08-12,3149,twse,68.3,22576.0
2026-08-12,3150,twse,17.9,226.0
2026-08-12,3152,tpex,230.5,654.0
2026-08-12,3158,tpex,83.9,0.0
2026-08-12,3162,tpex,66.2,5950.0
2026-08-12,3163,tpex,718.0,7489.0
2026-08-12,3164,twse,16.4,300.0
2026-08-12,3167,twse,672.0,6649.0
2026-08-12,3168,twse,42.5,38.0
2026-08-12,3169,tpex,101.5,1021.0
2026-08-12,3171,tpex,64.7,54.0
2026-08-12,3176,tpex,33.7,1024.0
2026-08-12,3178,tpex,58.8,1133.0
2026-08-12,3188,tpex,23.55,2769.0
2026-08-12,3189,twse,858.0,22520.0
2026-08-12,3191,tpex,18.65,0.0
2026-08-12,3205,tpex,48.9,1658.0
2026-08-12,3206,tpex,34.85,802.0
2026-08-12,3207,tpex,43.0,4446.0
2026-08-12,3209,twse,55.5,5701.0
2026-08-12,3211,tpex,412.0,12079.0
2026-08-12,3213,tpex,134.0,1436.0
2026-08-12,3217,tpex,148.0,1657.0
2026-08-12,3218,tpex,142.5,634.0
2026-08-12,3219,tpex,73.6,1432.0
2026-08-12,3221,tpex,49.0,3327.0
2026-08-12,3224,tpex,36.3,7824.0
2026-08-12,3226,tpex,51.5,1.0
2026-08-12,3227,tpex,204.0,2889.0
2026-08-12,3228,tpex,146.0,0.0
2026-08-12,3229,twse,55.9,0.0
2026-08-12,3230,tpex,40.95,3639.0
2026-08-12,3231,twse,193.5,41224.0
2026-08-12,3232,tpex,19.9,2956.0
2026-08-12,3234,tpex,133.0,0.0
2026-08-12,3236,tpex,45.2,3476.0
2026-08-12,3252,tpex,16.1,12325.0
2026-08-12,3257,twse,52.0,2440.0
2026-08-12,3259,tpex,14.1,0.0
2026-08-12,3260,tpex,409.5,20708.0
2026-08-12,3264,tpex,216.5,5481.0
2026-08-12,3265,tpex,175.0,4084.0
2026-08-12,3266,twse,13.95,365.0
2026-08-12,3268,tpex,19.75,1870.0
2026-08-12,3272,tpex,13.9,1035.0
2026-08-12,3276,tpex,15.1,1464.0
2026-08-12,3284,tpex,21.2,922.0
2026-08-12,3285,tpex,38.0,306.0
2026-08-12,3287,tpex,35.45,1839.0
2026-08-12,3288,tpex,21.8,0.0
2026-08-12,3289,tpex,140.5,7440.0
2026-08-12,3290,tpex,56.0,9227.0
2026-08-12,3293,tpex,781.0,2163.0
2026-08-12,3294,tpex,31.8,6386.0
2026-08-12,3296,twse,23.35,1815.0
2026-08-12,3297,tpex,28.35,675.0
2026-08-12,3303,tpex,53.4,2002.0
2026-08-12,3305,twse,116.0,6888.0
2026-08-12,3306,tpex,44.8,896.0
2026-08-12,3308,twse,19.5,707.0
2026-08-12,3310,tpex,69.1,2540.0
2026-08-12,3311,twse,32.0,2899.0
2026-08-12,3312,twse,51.7,4710.0
2026-08-12,3313,tpex,10.5,639.0
2026-08-12,3317,tpex,69.8,3892.0
2026-08-12,3321,twse,18.85,0.0
2026-08-12,3322,tpex,11.35,9397.0
2026-08-12,3323,tpex,32.4,5594.0
2026-08-12,3324,tpex,1050.0,5296.0
2026-08-12,3325,tpex,11.9,559.0
2026-08-12,3332,tpex,62.5,128.0
2026-08-12,3338,twse,64.1,3480.0
2026-08-12,3339,tpex,38.9,6464.0
2026-08-12,3346,twse,21.45,2908.0
2026-08-12,3349,tpex,23.2,0.0
2026-08-12,3354,tpex,20.7,1128.0
2026-08-12,3356,twse,60.0,1822.0
2026-08-12,3357,tpex,230.5,3702.0
2026-08-12,3360,tpex,17.45,2811.0
2026-08-12,3362,tpex,179.0,4772.0
2026-08-12,3363,tpex,630.0,5343.0
2026-08-12,3372,tpex,16.1,0.0
2026-08-12,3373,tpex,16.5,871.0
2026-08-12,3374,tpex,330.0,27714.0
2026-08-12,3376,twse,192.0,11185.0
2026-08-12,3379,tpex,29.55,1802.0
2026-08-12,3380,twse,28.4,5136.0
2026-08-12,3388,tpex,75.6,1645.0
2026-08-12,3390,tpex,22.45,2352.0
2026-08-12,3402,tpex,128.5,1262.0
2026-08-12,3406,twse,578.0,2832.0
2026-08-12,3413,twse,303.5,3670.0
2026-08-12,3416,twse,187.5,897.0
2026-08-12,3419,twse,12.1,1042.0
2026-08-12,3430,tpex,113.0,1723.0
2026-08-12,3432,twse,16.0,0.0
2026-08-12,3434,tpex,30.0,1546.0
2026-08-12,3437,twse,17.9,2611.0
2026-08-12,3438,tpex,59.6,981.0
2026-08-12,3441,tpex,87.2,3459.0
2026-08-12,3443,twse,5130.0,4666.0
2026-08-12,3444,tpex,77.9,947.0
2026-08-12,3447,twse,27.6,1917.0
2026-08-12,3450,twse,507.0,14508.0
2026-08-12,3455,tpex,222.0,3686.0
2026-08-12,3465,tpex,29.8,739.0
2026-08-12,3466,tpex,25.55,10805.0
2026-08-12,3467,tpex,45.6,139.0
2026-08-12,3479,tpex,140.5,3307.0
2026-08-12,3481,twse,50.4,321706.0
2026-08-12,3483,tpex,75.1,4686.0
2026-08-12,3484,tpex,50.4,1861.0
2026-08-12,3485,tpex,217.0,0.0
2026-08-12,3489,tpex,26.1,346.0
2026-08-12,3490,tpex,33.5,2754.0
2026-08-12,3491,tpex,1320.0,3606.0
2026-08-12,3492,tpex,21.85,852.0
2026-08-12,3494,twse,7.11,0.0
2026-08-12,3498,tpex,131.0,4962.0
2026-08-12,3499,tpex,13.0,0.0
2026-08-12,3501,twse,40.1,1171.0
2026-08-12,3504,twse,76.1,2969.0
2026-08-12,3508,tpex,17.6,0.0
2026-08-12,3511,tpex,20.45,2664.0
2026-08-12,3512,tpex,19.75,692.0
2026-08-12,3515,twse,224.5,1780.0
2026-08-12,3516,tpex,25.75,9239.0
2026-08-12,3518,twse,28.3,4076.0
2026-08-12,3520,tpex,18.0,2334.0
2026-08-12,3521,tpex,12.25,2225.0
2026-08-12,3522,tpex,11.7,0.0
2026-08-12,3523,tpex,15.6,0.0
2026-08-12,3526,tpex,288.5,1860.0
2026-08-12,3527,tpex,52.2,1076.0
2026-08-12,3528,twse,89.3,2209.0
2026-08-12,3529,tpex,2660.0,1253.0
2026-08-12,3530,twse,56.6,1287.0
2026-08-12,3531,tpex,21.7,35.0
2026-08-12,3532,twse,312.0,8213.0
2026-08-12,3533,twse,2010.0,826.0
2026-08-12,3535,twse,92.5,3915.0
2026-08-12,3537,tpex,56.1,1434.0
2026-08-12,3540,tpex,21.0,2111.0
2026-08-12,3541,tpex,22.3,272.0
2026-08-12,3543,twse,39.7,5202.0
2026-08-12,3545,twse,50.8,4394.0
2026-08-12,3546,tpex,73.6,1908.0
2026-08-12,3548,tpex,77.8,3334.0
2026-08-12,3550,twse,23.5,14045.0
2026-08-12,3551,tpex,179.5,1389.0
2026-08-12,3552,tpex,44.8,1506.0
2026-08-12,3555,tpex,164.0,706.0
2026-08-12,3556,tpex,65.0,1153.0
2026-08-12,3557,twse,25.15,368.0
2026-08-12,3558,tpex,130.0,1420.0
2026-08-12,3563,twse,717.0,5688.0
2026-08-12,3564,tpex,47.2,628.0
2026-08-12,3567,tpex,26.25,694.0
2026-08-12,3570,tpex,163.5,117.0
2026-08-12,3576,twse,17.3,0.0
2026-08-12,3577,tpex,130.5,1148.0
2026-08-12,3580,tpex,80.4,2470.0
2026-08-12,3581,tpex,119.0,1464.0
2026-08-12,3583,twse,734.0,1889.0
2026-08-12,3587,tpex,253.0,2839.0
2026-08-12,3588,twse,55.4,1705.0
2026-08-12,3591,twse,21.25,27491.0
2026-08-12,3592,twse,238.0,983.0
2026-08-12,3593,twse,12.25,0.0
2026-08-12,3594,tpex,56.7,3813.0
2026-08-12,3596,twse,168.5,1567.0
2026-08-12,3597,tpex,26.75,973.0
2026-08-12,3605,twse,120.0,16162.0
2026-08-12,3607,twse,14.25,1868.0
2026-08-12,3609,tpex,24.85,4254.0
2026-08-12,3611,tpex,189.0,213.0
2026-08-12,3615,tpex,36.5,3495.0
2026-08-12,3617,twse,235.0,1953.0
2026-08-12,3622,twse,55.1,1726.0
2026-08-12,3623,tpex,21.65,635.0
2026-08-12,3624,tpex,86.5,5838.0
2026-08-12,3625,tpex,16.8,0.0
2026-08-12,3628,tpex,66.4,919.0
2026-08-12,3629,tpex,13.35,0.0
2026-08-12,3630,tpex,26.25,4268.0
2026-08-12,3631,tpex,36.0,886.0
2026-08-12,3632,tpex,7.56,0.0
2026-08-12,3645,twse,71.2,5518.0
2026-08-12,3646,tpex,23.45,1122.0
2026-08-12,3652,twse,37.2,726.0
2026-08-12,3653,twse,4470.0,2847.0
2026-08-12,3661,twse,4055.0,6364.0
2026-08-12,3663,tpex,65.2,2904.0
2026-08-12,3664,tpex,5.63,0.0
2026-08-12,3665,twse,2155.0,2547.0
2026-08-12,3666,tpex,25.1,1961.0
2026-08-12,3669,twse,39.5,818.0
2026-08-12,3672,tpex,12.5,0.0
2026-08-12,3673,twse,63.2,13811.0
2026-08-12,3675,tpex,275.5,1688.0
2026-08-12,3679,twse,109.0,121.0
2026-08-12,3680,tpex,452.5,3120.0
2026-08-12,3684,tpex,53.5,446.0
2026-08-12,3685,tpex,38.0,12.0
2026-08-12,3686,twse,14.8,0.0
2026-08-12,3687,tpex,66.1,1109.0
2026-08-12,3689,tpex,110.5,5116.0
2026-08-12,3691,tpex,119.5,2573.0
2026-08-12,3693,tpex,502.0,3768.0
2026-08-12,3694,twse,53.2,7102.0
2026-08-12,3701,twse,41.5,6000.0
2026-08-12,3702,twse,122.5,7467.0
2026-08-12,3703,twse,20.0,1543.0
2026-08-12,3704,twse,42.6,8886.0
2026-08-12,3705,twse,54.0,369.0
2026-08-12,3706,twse,92.4,28715.0
2026-08-12,3707,tpex,63.5,11760.0
2026-08-12,3708,twse,104.0,2962.0
2026-08-12,3709,tpex,71.2,4132.0
2026-08-12,3710,tpex,5.08,0.0
2026-08-12,3711,twse,621.0,13317.0
2026-08-12,3712,twse,22.8,2429.0
2026-08-12,3713,tpex,14.9,0.0
2026-08-12,3714,twse,58.3,24239.0
2026-08-12,3715,twse,118.0,20745.0
2026-08-12,3716,twse,34.95,624.0
2026-08-12,3717,twse,22.9,13586.0
2026-08-12,4102,tpex,19.05,69.0
2026-08-12,4104,twse,71.2,113.0
2026-08-12,4105,tpex,77.3,863.0
2026-08-12,4106,twse,24.8,647.0
2026-08-12,4107,tpex,114.5,67.0
2026-08-12,4108,twse,10.95,0.0
2026-08-12,4109,tpex,11.2,3624.0
2026-08-12,4111,tpex,29.85,576.0
2026-08-12,4113,tpex,14.65,10544.0
2026-08-12,4114,tpex,29.8,2662.0
2026-08-12,4116,tpex,39.5,331.0
2026-08-12,4119,twse,55.1,617.0
2026-08-12,4120,tpex,49.0,831.0
2026-08-12,4121,tpex,13.1,5194.0
2026-08-12,4123,tpex,35.1,10562.0
2026-08-12,4126,tpex,77.1,720.0
2026-08-12,4127,tpex,89.0,846.0
2026-08-12,4128,tpex,14.65,8232.0
2026-08-12,4129,tpex,86.3,1395.0
2026-08-12,4131,tpex,32.0,0.0
2026-08-12,4133,twse,20.9,1291.0
2026-08-12,4137,twse,94.1,1085.0
2026-08-12,4138,tpex,51.4,45.0
2026-08-12,4139,tpex,36.0,1282.0
2026-08-12,4142,twse,17.25,6475.0
2026-08-12,4147,tpex,68.5,12946.0
2026-08-12,4148,twse,33.25,381.0
2026-08-12,4153,tpex,33.1,354.0
2026-08-12,4154,tpex,12.2,0.0
2026-08-12,4155,twse,14.8,906.0
2026-08-12,4157,tpex,9.06,8245.0
2026-08-12,4160,tpex,40.3,168.0
2026-08-12,4161,tpex,22.95,1165.0
2026-08-12,4162,tpex,62.9,2529.0
2026-08-12,4163,tpex,139.0,183.0
2026-08-12,4164,twse,27.25,5882.0
2026-08-12,4166,tpex,24.4,1484.0
2026-08-12,4167,tpex,18.45,10332.0
2026-08-12,4168,tpex,22.85,93.0
2026-08-12,4169,twse,152.0,0.0
2026-08-12,4171,tpex,17.25,894.0
2026-08-12,4173,tpex,17.45,416.0
2026-08-12,4174,tpex,26.15,1085.0
2026-08-12,4175,tpex,50.0,22.0
2026-08-12,4178,twse,17.75,0.0
2026-08-12,4183,tpex,14.3,0.0
2026-08-12,4188,tpex,9.95,0.0
2026-08-12,4190,twse,24.95,283.0
2026-08-12,4192,tpex,18.55,0.0
2026-08-12,4195,twse,15.2,0.0
2026-08-12,4198,tpex,41.95,0.0
2026-08-12,4205,tpex,70.0,4.0
2026-08-12,4207,tpex,20.95,563.0
2026-08-12,4303,tpex,47.0,7020.0
2026-08-12,4304,tpex,16.25,0.0
2026-08-12,4305,tpex,43.65,1.0
2026-08-12,4306,twse,14.5,4894.0
2026-08-12,4401,tpex,13.9,765.0
2026-08-12,4402,tpex,16.0,0.0
2026-08-12,4406,tpex,10.05,337.0
2026-08-12,4413,tpex,17.05,435.0
2026-08-12,4414,twse,8.68,689.0
2026-08-12,4416,tpex,10.45,551.0
2026-08-12,4417,tpex,48.1,127.0
2026-08-12,4419,tpex,47.5,0.0
2026-08-12,4420,tpex,36.15,602.0
2026-08-12,4426,twse,7.95,1051.0
2026-08-12,4430,tpex,17.85,32.0
2026-08-12,4432,tpex,16.5,458.0
2026-08-12,4433,tpex,20.05,288.0
2026-08-12,4438,twse,61.3,744.0
2026-08-12,4439,twse,100.5,236.0
2026-08-12,4440,twse,17.4,157.0
2026-08-12,4441,twse,201.0,215.0
2026-08-12,4442,tpex,52.8,176.0
2026-08-12,4502,tpex,15.7,487.0
2026-08-12,4503,tpex,26.25,1627.0
2026-08-12,4506,tpex,123.0,2.0
2026-08-12,4510,tpex,44.55,4662.0
2026-08-12,4513,tpex,17.45,2447.0
2026-08-12,4523,tpex,25.7,926.0
2026-08-12,4526,twse,31.95,5457.0
2026-08-12,4527,tpex,41.0,86.0
2026-08-12,4528,tpex,15.2,199.0
2026-08-12,4529,tpex,4.16,0.0
2026-08-12,4530,tpex,25.6,46.0
2026-08-12,4532,twse,23.8,2356.0
2026-08-12,4533,tpex,26.8,8410.0
2026-08-12,4534,tpex,34.2,0.0
2026-08-12,4535,tpex,29.0,207.0
2026-08-12,4536,twse,170.5,658.0
2026-08-12,4538,tpex,17.55,499.0
2026-08-12,4540,twse,60.6,3849.0
2026-08-12,4541,tpex,70.3,3878.0
2026-08-12,4542,tpex,282.5,5098.0
2026-08-12,4543,tpex,32.2,943.0
2026-08-12,4545,twse,33.1,1187.0
2026-08-12,4549,tpex,91.9,629.0
2026-08-12,4550,tpex,24.15,148.0
2026-08-12,4551,twse,172.5,2730.0
2026-08-12,4552,twse,17.65,2430.0
2026-08-12,4554,tpex,31.75,66.0
2026-08-12,4555,twse,50.1,2241.0
2026-08-12,4556,tpex,101.0,556.0
2026-08-12,4557,twse,49.95,355.0
2026-08-12,4558,tpex,18.2,239.0
2026-08-12,4560,twse,32.25,279.0
2026-08-12,4561,tpex,46.05,937.0
2026-08-12,4562,twse,33.5,1831.0
2026-08-12,4563,tpex,39.8,800.0
2026-08-12,4564,twse,16.85,10343.0
2026-08-12,4566,twse,72.4,4363.0
2026-08-12,4568,tpex,40.25,43.0
2026-08-12,4569,twse,163.0,736.0
2026-08-12,4571,twse,172.0,1108.0
2026-08-12,4572,twse,140.0,328.0
2026-08-12,4576,twse,227.0,2857.0
2026-08-12,4577,tpex,76.1,1019.0
2026-08-12,4580,tpex,79.4,94.0
2026-08-12,4581,twse,48.2,25.0
2026-08-12,4582,twse,25.35,0.0
2026-08-12,4583,twse,497.0,2729.0
2026-08-12,4584,tpex,38.3,0.0
2026-08-12,4585,twse,311.0,610.0
2026-08-12,4588,twse,52.9,390.0
2026-08-12,4590,twse,91.2,164.0
2026-08-12,4609,tpex,4.78,0.0
2026-08-12,4702,tpex,9.66,1006.0
2026-08-12,4706,tpex,33.0,58.0
2026-08-12,4707,tpex,33.0,14741.0
2026-08-12,4711,tpex,16.5,527.0
2026-08-12,4714,tpex,10.65,6014.0
2026-08-12,4716,tpex,17.4,11275.0
2026-08-12,4720,twse,20.05,3245.0
2026-08-12,4721,tpex,74.8,1855.0
2026-08-12,4722,twse,210.0,11790.0
2026-08-12,4726,tpex,24.8,136.0
2026-08-12,4728,tpex,0.0,1843.0
2026-08-12,4729,tpex,20.1,1166.0
2026-08-12,4735,tpex,38.35,337.0
2026-08-12,4736,twse,134.0,315.0
2026-08-12,4737,twse,56.1,1588.0
2026-08-12,4739,twse,87.0,7442.0
2026-08-12,4741,tpex,44.1,1398.0
2026-08-12,4743,tpex,46.85,13713.0
2026-08-12,4744,tpex,28.15,2767.0
2026-08-12,4745,tpex,12.15,124.0
2026-08-12,4746,twse,53.8,1991.0
2026-08-12,4747,tpex,55.8,1541.0
2026-08-12,4749,tpex,809.0,4132.0
2026-08-12,4754,tpex,37.7,61.0
2026-08-12,4755,twse,119.5,985.0
2026-08-12,4760,tpex,257.5,2210.0
2026-08-12,4763,twse,52.6,40294.0
2026-08-12,4764,twse,249.5,4373.0
2026-08-12,4766,twse,343.5,1087.0
2026-08-12,4767,tpex,26.5,5.0
2026-08-12,4768,tpex,322.0,2633.0
2026-08-12,4770,twse,223.5,937.0
2026-08-12,4771,twse,203.5,487.0
2026-08-12,4772,tpex,254.0,3610.0
2026-08-12,4804,tpex,0.0,0.0
2026-08-12,4806,tpex,0.0,0.0
2026-08-12,4807,twse,31.15,1165.0
2026-08-12,4903,tpex,37.4,4426.0
2026-08-12,4904,twse,101.0,841.0
2026-08-12,4905,tpex,70.0,125.0
2026-08-12,4906,twse,36.5,28127.0
2026-08-12,4907,tpex,45.8,922.0
2026-08-12,4908,tpex,162.5,2891.0
2026-08-12,4909,tpex,39.15,3940.0
2026-08-12,4911,tpex,28.35,210.0
2026-08-12,4912,twse,94.7,3563.0
2026-08-12,4915,twse,60.4,4467.0
2026-08-12,4916,twse,103.0,7706.0
2026-08-12,4919,twse,125.5,12801.0
2026-08-12,4923,tpex,50.5,1954.0
2026-08-12,4924,tpex,10.05,1320.0
2026-08-12,4927,twse,34.5,23266.0
2026-08-12,4930,twse,16.3,3814.0
2026-08-12,4931,tpex,267.0,9514.0
2026-08-12,4933,tpex,55.4,1103.0
2026-08-12,4934,twse,14.25,0.0
2026-08-12,4935,twse,34.8,613.0
2026-08-12,4938,twse,91.4,4830.0
2026-08-12,4939,tpex,60.8,6355.0
2026-08-12,4942,twse,34.5,649.0
2026-08-12,4943,twse,8.19,0.0
2026-08-12,4946,tpex,82.1,50.0
2026-08-12,4949,twse,70.0,2986.0
2026-08-12,4951,tpex,80.2,838.0
2026-08-12,4952,twse,49.45,1348.0
2026-08-12,4953,tpex,125.0,906.0
2026-08-12,4956,twse,31.7,5165.0
2026-08-12,4958,twse,471.5,33141.0
2026-08-12,4960,twse,22.75,15849.0
2026-08-12,4961,twse,173.0,1255.0
2026-08-12,4966,tpex,591.0,3629.0
2026-08-12,4967,twse,279.5,7510.0
2026-08-12,4968,twse,96.9,5167.0
2026-08-12,4971,tpex,500.0,3993.0
2026-08-12,4972,tpex,16.7,110.0
2026-08-12,4973,tpex,158.5,2974.0
2026-08-12,4974,tpex,69.9,791.0
2026-08-12,4976,twse,37.05,4934.0
2026-08-12,4977,twse,154.0,6551.0
2026-08-12,4979,tpex,561.0,11800.0
2026-08-12,4989,twse,69.0,14658.0
2026-08-12,4991,tpex,484.5,7937.0
2026-08-12,4994,twse,87.1,1743.0
2026-08-12,4995,tpex,50.1,2011.0
2026-08-12,4999,twse,19.3,407.0
2026-08-12,5007,twse,56.5,7.0
2026-08-12,5009,tpex,33.15,7814.0
2026-08-12,5011,tpex,18.4,8228.0
2026-08-12,5013,tpex,26.45,7.0
2026-08-12,5014,tpex,10.25,2463.0
2026-08-12,5015,tpex,22.15,136.0
2026-08-12,5016,tpex,24.6,244.0
2026-08-12,5201,tpex,26.0,6796.0
2026-08-12,5202,tpex,12.35,2027.0
2026-08-12,5203,twse,61.8,1063.0
2026-08-12,5205,tpex,21.7,0.0
2026-08-12,5206,tpex,22.8,1072.0
2026-08-12,5209,tpex,163.0,41.0
2026-08-12,5210,tpex,28.6,5157.0
2026-08-12,5211,tpex,20.05,356.0
2026-08-12,5212,tpex,0.0,79.0
2026-08-12,5213,tpex,20.95,3015.0
2026-08-12,5215,twse,38.95,684.0
2026-08-12,5220,tpex,20.25,297.0
2026-08-12,5222,twse,118.0,1842.0
2026-08-12,5223,tpex,23.75,269.0
2026-08-12,5225,twse,62.0,1360.0
2026-08-12,5227,tpex,33.8,18.0
2026-08-12,5228,tpex,42.4,528.0
2026-08-12,5230,tpex,18.35,922.0
2026-08-12,5234,twse,337.5,1500.0
2026-08-12,5236,twse,142.0,222.0
2026-08-12,5243,twse,91.4,9207.0
2026-08-12,5244,twse,34.0,2333.0
2026-08-12,5245,tpex,23.8,927.0
2026-08-12,5251,tpex,25.6,1602.0
2026-08-12,5258,twse,50.9,3798.0
2026-08-12,5263,tpex,91.0,4508.0
2026-08-12,5269,twse,1440.0,1926.0
2026-08-12,5272,tpex,17.9,684.0
2026-08-12,5274,tpex,17370.0,131.0
2026-08-12,5276,tpex,18.8,0.0
2026-08-12,5278,tpex,24.65,1268.0
2026-08-12,5283,twse,54.1,70.0
2026-08-12,5284,twse,299.5,3721.0
2026-08-12,5285,twse,80.8,4676.0
2026-08-12,5287,tpex,152.5,222.0
2026-08-12,5288,twse,192.0,2621.0
2026-08-12,5289,tpex,1520.0,4655.0
2026-08-12,5291,tpex,56.9,4294.0
2026-08-12,5292,twse,187.0,880.0
2026-08-12,5299,tpex,103.0,827.0
2026-08-12,5301,tpex,5.51,0.0
2026-08-12,5302,tpex,11.35,0.0
2026-08-12,5306,twse,97.8,599.0
2026-08-12,5309,tpex,56.0,9505.0
2026-08-12,5310,tpex,25.0,0.0
2026-08-12,5312,tpex,88.9,501.0
2026-08-12,5314,tpex,62.5,14083.0
2026-08-12,5315,tpex,19.15,2577.0
2026-08-12,5321,tpex,56.9,1590.0
2026-08-12,5324,tpex,12.25,0.0
2026-08-12,5328,tpex,67.2,7613.0
2026-08-12,5340,tpex,79.6,5365.0
2026-08-12,5344,tpex,13.85,0.0
2026-08-12,5345,tpex,22.6,0.0
2026-08-12,5347,tpex,159.5,13704.0
2026-08-12,5348,tpex,16.6,0.0
2026-08-12,5351,tpex,122.0,12335.0
2026-08-12,5353,tpex,28.4,1364.0
2026-08-12,5355,tpex,6.07,0.0
2026-08-12,5356,tpex,25.75,5507.0
2026-08-12,5364,tpex,8.8,1299.0
2026-08-12,5371,tpex,86.5,15254.0
2026-08-12,5381,tpex,24.35,3877.0
2026-08-12,5386,tpex,278.0,1708.0
2026-08-12,5388,twse,82.4,6220.0
2026-08-12,5392,tpex,46.05,8560.0
2026-08-12,5398,tpex,14.15,3381.0
2026-08-12,5403,tpex,93.0,67.0
2026-08-12,5410,tpex,35.2,1968.0
2026-08-12,5425,tpex,86.7,9483.0
2026-08-12,5426,tpex,29.85,2786.0
2026-08-12,5432,tpex,125.0,696.0
2026-08-12,5434,twse,532.0,1004.0
2026-08-12,5438,tpex,17.25,997.0
2026-08-12,5439,tpex,245.5,6081.0
2026-08-12,5443,tpex,113.5,4356.0
2026-08-12,5450,tpex,15.0,464.0
2026-08-12,5452,tpex,27.2,3315.0
2026-08-12,5455,tpex,0.0,112.0
2026-08-12,5457,tpex,27.9,5375.0
2026-08-12,5460,tpex,16.05,983.0
2026-08-12,5464,tpex,67.5,8607.0
2026-08-12,5465,tpex,23.7,1247.0
2026-08-12,5468,tpex,31.7,0.0
2026-08-12,5469,twse,76.7,13391.0
2026-08-12,5471,twse,56.2,4485.0
2026-08-12,5474,tpex,156.5,1125.0
2026-08-12,5475,tpex,148.5,0.0
2026-08-12,5478,tpex,101.5,362.0
2026-08-12,5481,tpex,19.8,5158.0
2026-08-12,5483,tpex,185.0,15937.0
2026-08-12,5484,twse,41.8,0.0
2026-08-12,5487,tpex,28.95,1721.0
2026-08-12,5488,tpex,13.65,2850.0
2026-08-12,5489,tpex,42.15,572.0
2026-08-12,5490,tpex,30.55,3017.0
2026-08-12,5493,tpex,80.3,2419.0
2026-08-12,5498,tpex,55.2,4670.0
2026-08-12,5508,tpex,53.9,2882.0
2026-08-12,5511,tpex,72.1,580.0
2026-08-12,5512,tpex,7.91,4118.0
2026-08-12,5514,tpex,13.7,42.0
2026-08-12,5515,twse,45.9,2295.0
2026-08-12,5516,tpex,13.5,0.0
2026-08-12,5519,twse,28.0,834.0
2026-08-12,5520,tpex,83.3,3.0
2026-08-12,5521,twse,10.3,13230.0
2026-08-12,5522,twse,63.0,1068.0
2026-08-12,5523,tpex,30.35,3.0
2026-08-12,5525,twse,21.75,322.0
2026-08-12,5529,tpex,21.3,1768.0
2026-08-12,5530,tpex,49.35,2043.0
2026-08-12,5531,twse,7.37,4163.0
2026-08-12,5533,twse,13.9,487.0
2026-08-12,5534,twse,78.3,3359.0
2026-08-12,5536,tpex,918.0,918.0
2026-08-12,5538,twse,33.25,83.0
2026-08-12,5543,tpex,25.0,0.0
2026-08-12,5546,twse,13.7,22.0
2026-08-12,5547,tpex,20.1,21.0
2026-08-12,5548,tpex,20.25,30.0
2026-08-12,5601,tpex,29.5,1.0
2026-08-12,5603,tpex,14.2,2813.0
2026-08-12,5604,tpex,30.55,18.0
2026-08-12,5607,twse,51.6,1978.0
2026-08-12,5608,twse,14.3,3811.0
2026-08-12,5609,tpex,78.7,105.0
2026-08-12,5701,tpex,4.25,0.0
2026-08-12,5703,tpex,14.5,0.0
2026-08-12,5704,tpex,21.6,56.0
2026-08-12,5706,twse,45.65,691.0
2026-08-12,5864,tpex,33.45,9057.0
2026-08-12,5871,twse,113.5,3989.0
2026-08-12,5876,twse,42.85,784.0
2026-08-12,5878,tpex,38.5,0.0
2026-08-12,5880,twse,24.1,2947.0
2026-08-12,5902,tpex,34.85,6408.0
2026-08-12,5903,tpex,185.5,8.0
2026-08-12,5904,tpex,82.5,5423.0
2026-08-12,5905,tpex,8.11,2032.0
2026-08-12,5906,twse,38.5,21.0
2026-08-12,5907,twse,4.92,5478.0
2026-08-12,6005,twse,30.6,6157.0
2026-08-12,6015,tpex,16.05,5406.0
2026-08-12,6016,tpex,19.85,5460.0
2026-08-12,6020,tpex,21.1,407.0
2026-08-12,6021,tpex,36.3,404.0
2026-08-12,6023,tpex,85.8,564.0
2026-08-12,6024,twse,61.4,335.0
2026-08-12,6026,tpex,14.65,3294.0
2026-08-12,6028,tpex,90.4,0.0
2026-08-12,6101,tpex,35.3,8347.0
2026-08-12,6103,tpex,29.5,8.0
2026-08-12,6104,tpex,93.3,4660.0
2026-08-12,6108,twse,19.95,1699.0
2026-08-12,6109,tpex,11.15,4.0
2026-08-12,6111,tpex,37.5,2335.0
2026-08-12,6112,twse,46.15,2760.0
2026-08-12,6113,tpex,24.65,965.0
2026-08-12,6114,tpex,27.35,1107.0
2026-08-12,6115,twse,45.2,31.0
2026-08-12,6116,twse,14.15,35361.0
2026-08-12,6117,twse,66.8,2350.0
2026-08-12,6118,tpex,15.6,2155.0
2026-08-12,6120,twse,12.75,7825.0
2026-08-12,6121,tpex,431.5,847.0
2026-08-12,6122,tpex,46.6,1211.0
2026-08-12,6123,tpex,43.75,271.0
2026-08-12,6124,tpex,27.5,346.0
2026-08-12,6125,tpex,50.2,6789.0
2026-08-12,6126,tpex,30.55,2706.0
2026-08-12,6127,tpex,51.8,4233.0
2026-08-12,6128,twse,20.45,1405.0
2026-08-12,6129,tpex,14.55,51.0
2026-08-12,6130,tpex,27.0,3851.0
2026-08-12,6133,twse,22.25,3038.0
2026-08-12,6134,tpex,27.9,4379.0
2026-08-12,6136,twse,25.4,2817.0
2026-08-12,6138,tpex,292.5,1483.0
2026-08-12,6139,twse,811.0,8263.0
2026-08-12,6140,tpex,17.0,824.0
2026-08-12,6141,twse,36.9,34.0
2026-08-12,6142,twse,9.28,0.0
2026-08-12,6143,tpex,88.8,3673.0
2026-08-12,6144,tpex,14.8,0.0
2026-08-12,6146,tpex,192.5,641.0
2026-08-12,6147,tpex,156.5,32324.0
2026-08-12,6148,tpex,28.5,2501.0
2026-08-12,6150,tpex,60.5,2438.0
2026-08-12,6151,tpex,35.55,1488.0
2026-08-12,6152,twse,16.1,0.0
2026-08-12,6153,twse,17.2,13532.0
2026-08-12,6154,tpex,14.05,431.0
2026-08-12,6155,twse,58.4,2863.0
2026-08-12,6156,tpex,22.0,4870.0
2026-08-12,6158,tpex,16.75,1500.0
2026-08-12,6160,tpex,14.15,426.0
2026-08-12,6161,tpex,54.0,729.0
2026-08-12,6163,tpex,43.1,16925.0
2026-08-12,6164,twse,11.9,3850.0
2026-08-12,6165,twse,49.6,13208.0
2026-08-12,6166,twse,137.0,3344.0
2026-08-12,6167,tpex,10.5,2969.0
2026-08-12,6168,twse,25.1,4175.0
2026-08-12,6169,tpex,13.0,31.0
2026-08-12,6170,tpex,47.2,1997.0
2026-08-12,6171,tpex,23.8,269.0
2026-08-12,6173,tpex,203.5,8435.0
2026-08-12,6174,tpex,44.05,1007.0
2026-08-12,6175,tpex,78.5,3593.0
2026-08-12,6176,twse,81.3,6163.0
2026-08-12,6177,twse,47.7,2602.0
2026-08-12,6179,tpex,27.35,18867.0
2026-08-12,6180,tpex,41.55,2320.0
2026-08-12,6182,tpex,103.0,61616.0
2026-08-12,6183,twse,94.4,9.0
2026-08-12,6184,twse,42.2,445.0
2026-08-12,6185,tpex,13.7,1151.0
2026-08-12,6186,tpex,34.7,1059.0
2026-08-12,6187,tpex,1155.0,2986.0
2026-08-12,6188,tpex,71.8,7595.0
2026-08-12,6189,twse,49.6,2316.0
2026-08-12,6190,tpex,68.8,7756.0
2026-08-12,6191,twse,87.1,18823.0
2026-08-12,6192,twse,120.5,740.0
2026-08-12,6194,tpex,29.85,1654.0
2026-08-12,6195,tpex,28.85,35.0
2026-08-12,6196,twse,499.0,1593.0
2026-08-12,6197,twse,305.5,5509.0
2026-08-12,6198,tpex,19.5,0.0
2026-08-12,6199,tpex,103.5,6194.0
2026-08-12,6201,twse,45.7,38.0
2026-08-12,6202,twse,63.8,4661.0
2026-08-12,6203,tpex,61.1,573.0
2026-08-12,6204,tpex,85.5,675.0
2026-08-12,6205,twse,64.4,3732.0
2026-08-12,6206,twse,146.0,2801.0
2026-08-12,6207,tpex,111.5,4814.0
2026-08-12,6208,tpex,81.6,1674.0
2026-08-12,6209,twse,75.0,12847.0
2026-08-12,6210,tpex,17.45,32.0
2026-08-12,6212,tpex,29.2,10.0
2026-08-12,6213,twse,464.0,19317.0
2026-08-12,6214,twse,142.5,1929.0
2026-08-12,6215,twse,104.5,5133.0
2026-08-12,6216,twse,22.8,726.0
2026-08-12,6217,tpex,154.0,13591.0
2026-08-12,6218,tpex,36.15,1648.0
2026-08-12,6219,tpex,12.25,7442.0
2026-08-12,6220,tpex,26.25,2493.0
2026-08-12,6221,tpex,22.6,7538.0
2026-08-12,6222,tpex,20.1,31.0
2026-08-12,6223,tpex,6600.0,843.0
2026-08-12,6224,twse,61.2,1724.0
2026-08-12,6225,twse,33.45,0.0
2026-08-12,6226,twse,20.3,3124.0
2026-08-12,6227,tpex,125.5,1631.0
2026-08-12,6228,tpex,18.0,63.0
2026-08-12,6229,tpex,23.6,1217.0
2026-08-12,6230,twse,108.5,466.0
2026-08-12,6231,tpex,220.5,2357.0
2026-08-12,6233,tpex,22.25,2820.0
2026-08-12,6234,tpex,37.35,2939.0
2026-08-12,6235,twse,39.2,4346.0
2026-08-12,6236,tpex,15.35,0.0
2026-08-12,6237,tpex,35.45,3369.0
2026-08-12,6239,twse,281.5,23452.0
2026-08-12,6240,tpex,20.25,543.0
2026-08-12,6241,tpex,14.35,0.0
2026-08-12,6242,tpex,34.1,0.0
2026-08-12,6243,twse,44.55,2039.0
2026-08-12,6244,tpex,24.3,11228.0
2026-08-12,6245,tpex,88.0,2472.0
2026-08-12,6246,tpex,13.35,578.0
2026-08-12,6248,tpex,17.95,632.0
2026-08-12,6257,twse,211.0,10956.0
2026-08-12,6259,tpex,31.05,793.0
2026-08-12,6261,tpex,79.2,3656.0
2026-08-12,6263,tpex,162.5,485.0
2026-08-12,6264,tpex,6.05,0.0
2026-08-12,6265,tpex,56.8,6069.0
2026-08-12,6266,tpex,25.15,1130.0
2026-08-12,6269,twse,66.9,9673.0
2026-08-12,6270,tpex,31.05,2138.0
2026-08-12,6271,twse,198.0,7369.0
2026-08-12,6272,twse,24.3,42.0
2026-08-12,6274,tpex,1600.0,10125.0
2026-08-12,6275,tpex,44.6,1831.0
2026-08-12,6276,tpex,19.4,275.0
2026-08-12,6277,twse,78.6,303.0
2026-08-12,6278,twse,171.0,9463.0
2026-08-12,6279,tpex,130.5,2939.0
2026-08-12,6281,twse,51.7,21.0
2026-08-12,6282,twse,47.15,24673.0
2026-08-12,6283,twse,20.2,2260.0
2026-08-12,6284,tpex,79.3,5115.0
2026-08-12,6285,twse,251.5,13890.0
2026-08-12,6290,tpex,218.5,12083.0
2026-08-12,6291,tpex,402.5,1319.0
2026-08-12,6292,tpex,66.3,473.0
2026-08-12,6294,tpex,27.4,108.0
2026-08-12,6405,twse,41.0,5309.0
2026-08-12,6409,twse,995.0,1141.0
2026-08-12,6411,tpex,78.9,2018.0
2026-08-12,6412,twse,79.8,2809.0
2026-08-12,6414,twse,455.5,1963.0
2026-08-12,6415,twse,449.0,4790.0
2026-08-12,6416,twse,100.0,3833.0
2026-08-12,6417,tpex,112.0,2669.0
2026-08-12,6418,tpex,32.6,926.0
2026-08-12,6419,tpex,153.0,491.0
2026-08-12,6423,tpex,81.1,678.0
2026-08-12,6425,tpex,58.0,2039.0
2026-08-12,6426,twse,222.0,2942.0
2026-08-12,6431,twse,18.8,0.0
2026-08-12,6432,tpex,74.0,2061.0
2026-08-12,6435,tpex,261.5,1000.0
2026-08-12,6438,twse,149.5,3759.0
2026-08-12,6441,tpex,22.6,907.0
2026-08-12,6442,twse,1595.0,4445.0
2026-08-12,6443,twse,26.75,7567.0
2026-08-12,6446,twse,1440.0,8819.0
2026-08-12,6449,twse,244.0,2030.0
2026-08-12,6451,twse,451.0,8231.0
2026-08-12,6456,twse,68.6,15161.0
2026-08-12,6461,tpex,15.85,0.0
2026-08-12,6462,tpex,101.5,4023.0
2026-08-12,6464,twse,76.2,1.0
2026-08-12,6465,tpex,47.5,1492.0
2026-08-12,6469,tpex,70.7,748.0
2026-08-12,6470,tpex,42.15,167.0
2026-08-12,6472,twse,424.0,3504.0
2026-08-12,6474,tpex,39.1,113.0
2026-08-12,6477,twse,34.25,3591.0
2026-08-12,6482,tpex,27.3,83.0
2026-08-12,6485,tpex,66.6,2378.0
2026-08-12,6486,tpex,74.5,181.0
2026-08-12,6488,tpex,933.0,10794.0
2026-08-12,6491,twse,378.0,481.0
2026-08-12,6492,tpex,37.85,106.0
2026-08-12,6494,tpex,55.3,835.0
2026-08-12,6496,tpex,24.2,55.0
2026-08-12,6498,tpex,75.2,526.0
2026-08-12,6499,tpex,63.3,5502.0
2026-08-12,6504,twse,38.7,111.0
2026-08-12,6505,twse,70.2,12708.0
2026-08-12,6506,tpex,17.3,273.0
2026-08-12,6508,tpex,26.35,216.0
2026-08-12,6509,tpex,48.5,2982.0
2026-08-12,6510,tpex,2825.0,689.0
2026-08-12,6512,tpex,20.3,0.0
2026-08-12,6515,twse,7170.0,432.0
2026-08-12,6516,tpex,60.8,849.0
2026-08-12,6517,tpex,63.0,1978.0
2026-08-12,6523,tpex,90.0,72.0
2026-08-12,6525,twse,143.0,2344.0
2026-08-12,6526,twse,619.0,1300.0
2026-08-12,6527,tpex,73.2,5.0
2026-08-12,6530,tpex,87.5,2277.0
2026-08-12,6531,twse,878.0,5915.0
2026-08-12,6532,tpex,86.4,2909.0
2026-08-12,6533,twse,254.5,2280.0
2026-08-12,6534,twse,94.7,1754.0
2026-08-12,6535,tpex,88.1,0.0
2026-08-12,6538,tpex,161.5,7728.0
2026-08-12,6541,twse,38.9,3718.0
2026-08-12,6542,tpex,46.4,216.0
2026-08-12,6546,tpex,68.0,2569.0
2026-08-12,6547,tpex,50.6,11652.0
2026-08-12,6548,tpex,75.3,6753.0
2026-08-12,6550,twse,10.95,0.0
2026-08-12,6552,twse,25.3,1082.0
2026-08-12,6556,tpex,62.1,0.0
2026-08-12,6558,twse,26.95,2634.0
2026-08-12,6560,tpex,32.45,436.0
2026-08-12,6561,tpex,329.0,146.0
2026-08-12,6568,tpex,140.0,771.0
2026-08-12,6569,tpex,95.2,300.0
2026-08-12,6570,tpex,57.3,582.0
2026-08-12,6573,twse,16.85,0.0
2026-08-12,6574,tpex,132.0,0.0
2026-08-12,6576,tpex,79.5,0.0
2026-08-12,6577,tpex,80.4,187.0
2026-08-12,6578,tpex,18.3,1736.0
2026-08-12,6579,twse,160.0,1285.0
2026-08-12,6581,twse,107.5,5.0
2026-08-12,6582,twse,31.7,324.0
2026-08-12,6584,tpex,543.0,1724.0
2026-08-12,6585,twse,118.0,1666.0
2026-08-12,6588,tpex,97.1,2150.0
2026-08-12,6589,twse,51.1,2806.0
2026-08-12,6590,tpex,66.0,0.0
2026-08-12,6591,twse,44.3,1731.0
2026-08-12,6592,twse,61.5,712.0
2026-08-12,6593,tpex,32.5,1589.0
2026-08-12,6596,tpex,93.7,634.0
2026-08-12,6598,twse,27.65,0.0
2026-08-12,6603,tpex,27.7,8766.0
2026-08-12,6605,twse,137.5,2414.0
2026-08-12,6606,twse,26.85,661.0
2026-08-12,6609,tpex,39.6,1670.0
2026-08-12,6612,tpex,73.9,514.0
2026-08-12,6613,tpex,266.5,739.0
2026-08-12,6614,twse,36.15,70.0
2026-08-12,6615,tpex,34.35,7.0
2026-08-12,6616,tpex,8.71,1007.0
2026-08-12,6617,tpex,102.0,1077.0
2026-08-12,6620,tpex,79.5,1846.0
2026-08-12,6624,tpex,40.1,160.0
2026-08-12,6625,twse,77.7,793.0
2026-08-12,6629,tpex,114.0,1233.0
2026-08-12,6637,tpex,61.2,89.0
2026-08-12,6640,tpex,1000.0,674.0
2026-08-12,6641,twse,17.9,101.0
2026-08-12,6642,tpex,86.0,1168.0
2026-08-12,6643,tpex,456.5,1939.0
2026-08-12,6645,twse,13.35,11.0
2026-08-12,6649,tpex,35.3,1234.0
2026-08-12,6651,tpex,138.0,1447.0
2026-08-12,6654,tpex,181.0,3344.0
2026-08-12,6655,twse,117.5,1.0
2026-08-12,6657,twse,30.8,1292.0
2026-08-12,6658,twse,167.0,1459.0
2026-08-12,6662,tpex,28.8,0.0
2026-08-12,6664,tpex,366.5,1471.0
2026-08-12,6666,twse,42.2,289.0
2026-08-12,6667,tpex,229.5,1256.0
2026-08-12,6668,twse,37.55,2770.0
2026-08-12,6669,twse,6025.0,1349.0
2026-08-12,6670,twse,264.0,390.0
2026-08-12,6671,twse,23.0,84.0
2026-08-12,6672,twse,268.0,6040.0
2026-08-12,6674,twse,15.3,242.0
2026-08-12,6679,tpex,212.0,1090.0
2026-08-12,6680,tpex,51.2,0.0
2026-08-12,6683,tpex,1270.0,1982.0
2026-08-12,6684,tpex,50.0,1620.0
2026-08-12,6689,twse,62.3,1238.0
2026-08-12,6690,tpex,163.0,89.0
2026-08-12,6691,twse,733.0,1414.0
2026-08-12,6692,tpex,23.6,406.0
2026-08-12,6693,tpex,184.5,4009.0
2026-08-12,6695,twse,51.0,3575.0
2026-08-12,6697,tpex,41.3,60.0
2026-08-12,6698,twse,32.55,1960.0
2026-08-12,6703,tpex,104.5,37.0
2026-08-12,6706,twse,124.0,8455.0
2026-08-12,6708,tpex,38.0,18.0
2026-08-12,6712,tpex,150.0,1398.0
2026-08-12,6715,twse,396.5,6958.0
2026-08-12,6716,tpex,109.0,1123.0
2026-08-12,6719,twse,206.0,3639.0
2026-08-12,6720,tpex,138.5,1663.0
2026-08-12,6721,tpex,51.6,0.0
2026-08-12,6722,twse,33.1,74.0
2026-08-12,6725,tpex,246.5,291.0
2026-08-12,6727,tpex,395.0,4242.0
2026-08-12,6728,tpex,105.5,111.0
2026-08-12,6730,tpex,34.0,3.0
2026-08-12,6732,tpex,156.5,689.0
2026-08-12,6733,tpex,25.4,0.0
2026-08-12,6735,tpex,65.5,605.0
2026-08-12,6739,tpex,1030.0,836.0
2026-08-12,6741,tpex,55.8,1246.0
2026-08-12,6742,twse,44.3,1831.0
2026-08-12,6743,twse,27.5,499.0
2026-08-12,6751,tpex,42.2,84.0
2026-08-12,6752,tpex,100.5,420.0
2026-08-12,6753,twse,142.0,5526.0
2026-08-12,6754,twse,41.95,117.0
2026-08-12,6756,twse,98.2,590.0
2026-08-12,6757,twse,55.7,3548.0
2026-08-12,6761,tpex,178.5,2999.0
2026-08-12,6763,tpex,43.25,1927.0
2026-08-12,6768,twse,65.6,1235.0
2026-08-12,6770,twse,73.7,139365.0
2026-08-12,6771,twse,40.0,136.0
2026-08-12,6776,twse,53.8,669.0
2026-08-12,6781,twse,1145.0,2466.0
2026-08-12,6782,twse,207.5,366.0
2026-08-12,6785,tpex,100.0,865.0
2026-08-12,6788,tpex,363.5,2546.0
2026-08-12,6789,twse,452.5,4824.0
2026-08-12,6790,twse,38.05,585.0
2026-08-12,6791,tpex,101.0,147.0
2026-08-12,6792,twse,58.6,267.0
2026-08-12,6794,twse,75.0,275.0
2026-08-12,6796,twse,60.8,592.0
2026-08-12,6799,twse,85.5,1992.0
2026-08-12,6803,tpex,268.5,24.0
2026-08-12,6804,tpex,19.55,365.0
2026-08-12,6805,twse,1835.0,2916.0
2026-08-12,6807,twse,38.45,153.0
2026-08-12,6811,tpex,227.5,650.0
2026-08-12,6821,tpex,42.75,1100.0
2026-08-12,6823,tpex,62.8,833.0
2026-08-12,6829,tpex,211.0,876.0
2026-08-12,6830,twse,432.0,3829.0
2026-08-12,6831,twse,678.0,765.0
2026-08-12,6834,twse,107.0,3629.0
2026-08-12,6835,twse,31.25,788.0
2026-08-12,6838,twse,23.05,2558.0
2026-08-12,6840,tpex,68.8,522.0
2026-08-12,6841,tpex,54.2,1642.0
2026-08-12,6843,tpex,0.0,112.0
2026-08-12,6844,tpex,61.4,0.0
2026-08-12,6846,tpex,58.0,0.0
2026-08-12,6854,twse,95.3,2431.0
2026-08-12,6855,tpex,118.0,0.0
2026-08-12,6856,tpex,44.8,0.0
2026-08-12,6859,tpex,101.5,626.0
2026-08-12,6861,twse,212.0,1719.0
2026-08-12,6862,twse,146.0,878.0
2026-08-12,6863,twse,117.0,1074.0
2026-08-12,6865,tpex,25.25,81.0
2026-08-12,6869,twse,67.3,2801.0
2026-08-12,6870,tpex,257.0,1292.0
2026-08-12,6872,tpex,15.75,0.0
2026-08-12,6873,twse,74.9,3394.0
2026-08-12,6874,tpex,78.9,216.0
2026-08-12,6875,tpex,32.15,0.0
2026-08-12,6877,tpex,127.5,8037.0
2026-08-12,6884,tpex,31.1,0.0
2026-08-12,6885,twse,20.5,2362.0
2026-08-12,6887,twse,35.6,979.0
2026-08-12,6890,twse,179.5,769.0
2026-08-12,6894,tpex,338.5,471.0
2026-08-12,6895,tpex,117.5,920.0
2026-08-12,6899,tpex,50.8,213.0
2026-08-12,6901,twse,16.9,7005.0
2026-08-12,6902,twse,130.0,583.0
2026-08-12,6903,tpex,324.0,1477.0
2026-08-12,6906,twse,71.3,480.0
2026-08-12,6907,tpex,170.5,1057.0
2026-08-12,6908,twse,33.7,0.0
2026-08-12,6909,twse,41.9,1452.0
2026-08-12,6910,tpex,25.15,15.0
2026-08-12,6913,tpex,150.0,1281.0
2026-08-12,6914,twse,147.5,360.0
2026-08-12,6916,twse,18.95,386.0
2026-08-12,6918,twse,72.8,87.0
2026-08-12,6919,twse,110.5,0.0
2026-08-12,6921,twse,63.9,0.0
2026-08-12,6922,tpex,204.0,359.0
2026-08-12,6923,twse,77.3,1723.0
2026-08-12,6924,twse,116.0,0.0
2026-08-12,6925,tpex,53.8,254.0
2026-08-12,6928,twse,48.4,742.0
2026-08-12,6929,tpex,22.75,0.0
2026-08-12,6931,twse,39.6,104.0
2026-08-12,6933,twse,194.0,1048.0
2026-08-12,6934,twse,72.0,0.0
2026-08-12,6936,twse,32.3,243.0
2026-08-12,6937,twse,291.5,1470.0
2026-08-12,6944,twse,747.0,897.0
2026-08-12,6945,tpex,103.5,0.0
2026-08-12,6947,twse,75.2,0.0
2026-08-12,6949,twse,1010.0,5314.0
2026-08-12,6951,twse,72.3,77.0
2026-08-12,6952,twse,38.8,60.0
2026-08-12,6953,tpex,220.0,235.0
2026-08-12,6955,twse,125.0,0.0
2026-08-12,6957,twse,218.0,1604.0
2026-08-12,6958,twse,17.4,121.0
2026-08-12,6961,tpex,51.7,5.0
2026-08-12,6962,twse,34.0,8491.0
2026-08-12,6965,twse,75.5,42.0
2026-08-12,6967,tpex,70.6,356.0
2026-08-12,6968,tpex,43.9,281.0
2026-08-12,6969,twse,33.25,0.0
2026-08-12,6971,tpex,25.45,78.0
2026-08-12,6982,tpex,49.0,308.0
2026-08-12,6983,tpex,297.0,0.0
2026-08-12,6986,tpex,44.0,0.0
2026-08-12,6988,twse,13.0,0.0
2026-08-12,6994,twse,36.6,3001.0
2026-08-12,6996,tpex,178.0,344.0
2026-08-12,7402,tpex,104.0,2220.0
2026-08-12,7547,tpex,54.4,303.0
2026-08-12,7556,tpex,235.0,542.0
2026-08-12,7584,tpex,26.1,26.0
2026-08-12,7610,twse,1895.0,0.0
2026-08-12,7631,twse,139.5,136.0
2026-08-12,7642,tpex,79.0,74.0
2026-08-12,7689,twse,174.0,0.0
2026-08-12,7703,tpex,180.0,490.0
2026-08-12,7704,tpex,63.9,686.0
2026-08-12,7705,twse,30.8,96.0
2026-08-12,7708,tpex,92.7,0.0
2026-08-12,7709,tpex,72.6,267.0
2026-08-12,7711,twse,447.5,1544.0
2026-08-12,7712,tpex,151.0,1088.0
2026-08-12,7713,tpex,70.8,0.0
2026-08-12,7714,tpex,151.0,658.0
2026-08-12,7715,tpex,33.3,558.0
2026-08-12,7716,tpex,23.9,0.0
2026-08-12,7717,tpex,436.5,373.0
2026-08-12,7718,tpex,47.95,113.0
2026-08-12,7721,twse,64.0,1131.0
2026-08-12,7722,twse,291.5,529.0
2026-08-12,7723,tpex,20.55,211.0
2026-08-12,7728,tpex,600.0,592.0
2026-08-12,7730,twse,168.0,513.0
2026-08-12,7732,twse,35.1,78.0
2026-08-12,7734,tpex,3350.0,633.0
2026-08-12,7736,twse,69.9,69.0
2026-08-12,7738,tpex,172.0,90.0
2026-08-12,7740,twse,148.0,1942.0
2026-08-12,7743,tpex,21.0,0.0
2026-08-12,7744,tpex,457.5,131.0
2026-08-12,7749,twse,359.5,1056.0
2026-08-12,7750,twse,2390.0,612.0
2026-08-12,7751,tpex,1315.0,0.0
2026-08-12,7753,tpex,37.95,83.0
2026-08-12,7757,tpex,91.3,12.0
2026-08-12,7760,twse,32.45,0.0
2026-08-12,7765,twse,230.0,456.0
2026-08-12,7767,tpex,49.15,0.0
2026-08-12,7768,twse,270.0,0.0
2026-08-12,7769,twse,6480.0,316.0
2026-08-12,7770,tpex,39.7,0.0
2026-08-12,7772,tpex,92.3,0.0
2026-08-12,7777,tpex,40.1,2188.0
2026-08-12,7780,twse,16.8,314.0
2026-08-12,7782,tpex,26.2,44.0
2026-08-12,7786,twse,130.5,346.0
2026-08-12,7788,twse,256.0,2034.0
2026-08-12,7791,twse,59.2,19.0
2026-08-12,7792,tpex,232.5,36.0
2026-08-12,7794,tpex,29.4,0.0
2026-08-12,7795,twse,506.0,1300.0
2026-08-12,7799,twse,362.0,1232.0
2026-08-12,7803,twse,19.6,0.0
2026-08-12,7805,tpex,698.0,64.0
2026-08-12,7810,tpex,200.0,42.0
2026-08-12,7811,tpex,71.2,0.0
2026-08-12,7814,tpex,30.4,0.0
2026-08-12,7818,twse,63.4,0.0
2026-08-12,7819,tpex,34.5,0.0
2026-08-12,7820,tpex,121.5,0.0
2026-08-12,7821,twse,39.7,0.0
2026-08-12,7822,twse,880.0,0.0
2026-08-12,7823,twse,85.4,0.0
2026-08-12,7827,twse,162.0,0.0
2026-08-12,7828,tpex,1760.0,0.0
2026-08-12,7835,twse,25.0,0.0
2026-08-12,7839,tpex,45.75,0.0
2026-08-12,7842,tpex,90.5,0.0
2026-08-12,7855,twse,44.4,0.0
2026-08-12,8011,twse,16.3,3362.0
2026-08-12,8016,twse,311.5,1461.0
2026-08-12,8021,twse,427.0,11069.0
2026-08-12,8024,tpex,14.0,47.0
2026-08-12,8027,tpex,192.0,7365.0
2026-08-12,8028,twse,265.0,5004.0
2026-08-12,8032,tpex,37.4,682.0
2026-08-12,8033,twse,173.0,6847.0
2026-08-12,8034,tpex,18.85,3597.0
2026-08-12,8038,tpex,32.2,0.0
2026-08-12,8039,twse,227.0,20727.0
2026-08-12,8040,tpex,75.1,3130.0
2026-08-12,8042,tpex,113.0,4663.0
2026-08-12,8043,tpex,147.5,4568.0
2026-08-12,8044,tpex,26.8,3474.0
2026-08-12,8045,twse,52.9,4863.0
2026-08-12,8046,twse,1265.0,10682.0
2026-08-12,8047,tpex,45.5,2.0
2026-08-12,8048,tpex,52.4,2949.0
2026-08-12,8049,tpex,26.55,283.0
2026-08-12,8050,tpex,58.8,5702.0
2026-08-12,8054,tpex,84.6,6636.0
2026-08-12,8059,tpex,14.8,0.0
2026-08-12,8064,tpex,105.5,6025.0
2026-08-12,8066,tpex,14.8,549.0
2026-08-12,8067,tpex,13.7,0.0
2026-08-12,8068,tpex,17.95,2126.0
2026-08-12,8069,tpex,166.0,10777.0
2026-08-12,8070,twse,48.7,5607.0
2026-08-12,8071,tpex,25.55,1944.0
2026-08-12,8072,twse,26.45,1814.0
2026-08-12,8074,tpex,57.4,3522.0
2026-08-12,8076,tpex,23.7,9337.0
2026-08-12,8077,tpex,44.45,0.0
2026-08-12,8080,tpex,27.8,0.0
2026-08-12,8081,twse,268.0,1688.0
2026-08-12,8083,tpex,159.0,16.0
2026-08-12,8084,tpex,54.3,0.0
2026-08-12,8085,tpex,11.5,691.0
2026-08-12,8086,tpex,119.0,9271.0
2026-08-12,8087,tpex,29.0,100.0
2026-08-12,8088,tpex,49.2,3625.0
2026-08-12,8089,tpex,18.4,1744.0
2026-08-12,8091,tpex,233.0,2166.0
2026-08-12,8092,tpex,12.8,0.0
2026-08-12,8093,tpex,21.95,0.0
2026-08-12,8096,tpex,125.5,27603.0
2026-08-12,8097,tpex,51.0,8943.0
2026-08-12,8099,tpex,58.0,12683.0
2026-08-12,8101,twse,11.7,0.0
2026-08-12,8102,tpex,68.8,22.0
2026-08-12,8103,twse,81.1,3364.0
2026-08-12,8104,twse,32.15,3410.0
2026-08-12,8105,twse,17.15,8266.0
2026-08-12,8107,tpex,12.4,1814.0
2026-08-12,8109,tpex,130.5,530.0
2026-08-12,8110,twse,46.8,14260.0
2026-08-12,8111,tpex,58.8,10620.0
2026-08-12,8112,twse,96.9,16656.0
2026-08-12,8114,twse,215.0,1422.0
2026-08-12,8121,tpex,30.3,0.0
2026-08-12,8131,twse,64.1,4651.0
2026-08-12,8147,tpex,130.0,1203.0
2026-08-12,8150,twse,92.2,22212.0
2026-08-12,8155,tpex,321.5,2968.0
2026-08-12,8162,twse,57.8,1567.0
2026-08-12,8163,twse,31.9,2389.0
2026-08-12,8171,tpex,20.3,8145.0
2026-08-12,8176,tpex,9.91,0.0
2026-08-12,8182,tpex,41.75,1669.0
2026-08-12,8183,tpex,30.6,2604.0
2026-08-12,8201,twse,11.9,0.0
2026-08-12,8210,twse,1005.0,2939.0
2026-08-12,8213,twse,33.3,3682.0
2026-08-12,8215,twse,25.35,3089.0
2026-08-12,8222,twse,39.1,3136.0
2026-08-12,8227,tpex,159.0,2027.0
2026-08-12,8234,tpex,69.8,4290.0
2026-08-12,8240,tpex,43.4,1808.0
2026-08-12,8249,twse,42.5,3807.0
2026-08-12,8255,tpex,148.0,2341.0
2026-08-12,8261,twse,184.0,5964.0
2026-08-12,8271,twse,232.0,6188.0
2026-08-12,8272,tpex,65.0,0.0
2026-08-12,8277,tpex,8.12,0.0
2026-08-12,8279,tpex,88.8,129.0
2026-08-12,8284,tpex,62.5,9.0
2026-08-12,8289,tpex,47.2,3124.0
2026-08-12,8291,tpex,39.2,0.0
2026-08-12,8299,tpex,2210.0,11499.0
2026-08-12,8341,twse,76.6,370.0
2026-08-12,8342,tpex,88.0,0.0
2026-08-12,8349,tpex,39.5,1987.0
2026-08-12,8354,tpex,18.2,2537.0
2026-08-12,8358,tpex,418.5,20665.0
2026-08-12,8367,twse,40.2,12.0
2026-08-12,8374,twse,86.1,1480.0
2026-08-12,8383,tpex,69.7,2358.0
2026-08-12,8390,tpex,100.0,2153.0
2026-08-12,8401,tpex,23.2,281.0
2026-08-12,8403,tpex,19.3,527.0
2026-08-12,8404,twse,16.2,3680.0
2026-08-12,8409,tpex,18.1,0.0
2026-08-12,8410,tpex,31.95,912.0
2026-08-12,8411,twse,13.05,44.0
2026-08-12,8415,tpex,38.65,1621.0
2026-08-12,8416,tpex,169.0,0.0
2026-08-12,8421,tpex,13.55,797.0
2026-08-12,8422,twse,26.9,24411.0
2026-08-12,8423,tpex,17.9,452.0
2026-08-12,8424,tpex,69.0,3.0
2026-08-12,8426,tpex,21.4,867.0
2026-08-12,8429,twse,6.02,14380.0
2026-08-12,8431,tpex,48.8,2663.0
2026-08-12,8432,tpex,50.6,103.0
2026-08-12,8433,tpex,55.2,188.0
2026-08-12,8435,tpex,54.0,131.0
2026-08-12,8436,tpex,124.5,1759.0
2026-08-12,8437,tpex,9.1,477.0
2026-08-12,8438,twse,68.0,3420.0
2026-08-12,8440,tpex,20.0,1205.0
2026-08-12,8442,twse,44.0,682.0
2026-08-12,8443,twse,11.4,28.0
2026-08-12,8444,tpex,5.4,1.0
2026-08-12,8446,tpex,86.1,245.0
2026-08-12,8450,tpex,15.15,47.0
2026-08-12,8454,twse,267.5,1555.0
2026-08-12,8455,tpex,25.1,0.0
2026-08-12,8462,twse,179.0,1060.0
2026-08-12,8463,twse,20.75,112.0
2026-08-12,8464,twse,391.0,47.0
2026-08-12,8466,twse,16.25,1286.0
2026-08-12,8467,twse,102.5,239.0
2026-08-12,8472,tpex,70.5,295.0
2026-08-12,8473,twse,42.85,3290.0
2026-08-12,8476,twse,20.15,18217.0
2026-08-12,8477,tpex,15.65,0.0
2026-08-12,8478,twse,146.0,1009.0
2026-08-12,8481,twse,40.8,10.0
2026-08-12,8482,twse,49.05,161.0
2026-08-12,8487,twse,72.4,39.0
2026-08-12,8488,twse,10.0,19.0
2026-08-12,8489,tpex,23.1,2857.0
2026-08-12,8499,twse,265.5,591.0
2026-08-12,8905,tpex,34.9,17.0
2026-08-12,8906,tpex,28.35,132.0
2026-08-12,8908,tpex,40.0,83.0
2026-08-12,8916,tpex,40.05,205.0
2026-08-12,8917,tpex,52.5,13.0
2026-08-12,8921,tpex,17.0,0.0
2026-08-12,8923,tpex,18.8,442.0
2026-08-12,8924,tpex,51.8,685.0
2026-08-12,8926,twse,56.8,6711.0
2026-08-12,8927,tpex,20.0,2272.0
2026-08-12,8928,tpex,23.65,584.0
2026-08-12,8929,tpex,13.5,126.0
2026-08-12,8930,tpex,29.9,746.0
2026-08-12,8931,tpex,40.5,5386.0
2026-08-12,8932,tpex,107.5,60680.0
2026-08-12,8933,tpex,4.54,0.0
2026-08-12,8935,tpex,18.0,0.0
2026-08-12,8936,tpex,52.0,9446.0
2026-08-12,8937,tpex,23.95,19415.0
2026-08-12,8938,tpex,52.6,662.0
2026-08-12,8940,twse,15.3,93.0
2026-08-12,8941,tpex,44.1,19.0
2026-08-12,8942,tpex,40.05,660.0
2026-08-12,8996,twse,1170.0,5360.0
2026-08-12,9103,twse,5.22,3461.0
2026-08-12,9105,twse,8.33,46084.0
2026-08-12,9136,twse,11.4,12455.0
2026-08-12,9802,twse,72.8,2130.0
2026-08-12,9902,twse,13.85,3163.0
2026-08-12,9904,twse,23.95,26777.0
2026-08-12,9905,twse,21.65,25.0
2026-08-12,9906,twse,41.6,417.0
2026-08-12,9907,twse,14.9,4134.0
2026-08-12,9908,twse,29.0,126.0
2026-08-12,9910,twse,71.0,2009.0
2026-08-12,9911,twse,82.1,422.0
2026-08-12,9912,twse,12.55,0.0
2026-08-12,9914,twse,93.3,2205.0
2026-08-12,9917,twse,107.5,80.0
2026-08-12,9918,twse,42.8,48.0
2026-08-12,9919,twse,14.0,8154.0
2026-08-12,9921,twse,109.0,1412.0
2026-08-12,9924,twse,38.45,740.0
2026-08-12,9925,twse,40.1,2.0
2026-08-12,9926,twse,49.0,9.0
2026-08-12,9927,twse,69.6,67.0
2026-08-12,9928,twse,18.35,499.0
2026-08-12,9929,twse,11.45,0.0
2026-08-12,9930,twse,62.3,19.0
2026-08-12,9931,twse,33.85,65.0
2026-08-12,9933,twse,42.0,4400.0
2026-08-12,9934,twse,11.85,5790.0
2026-08-12,9935,twse,20.15,1386.0
2026-08-12,9937,twse,55.0,135.0
2026-08-12,9938,twse,42.5,3163.0
2026-08-12,9939,twse,134.0,1273.0
2026-08-12,9940,twse,21.7,1226.0
2026-08-12,9941,twse,85.7,972.0
2026-08-12,9942,twse,116.0,23.0
2026-08-12,9943,twse,51.5,84.0
2026-08-12,9944,twse,17.65,5529.0
2026-08-12,9945,twse,27.2,19672.0
2026-08-12,9946,twse,18.85,1099.0
2026-08-12,9949,tpex,24.15,5936.0
2026-08-12,9950,tpex,10.4,0.0
2026-08-12,9951,tpex,53.3,207.0
2026-08-12,9955,twse,24.65,1089.0
2026-08-12,9958,twse,107.0,8014.0
2026-08-12,9960,tpex,32.5,787.0
2026-08-12,9962,tpex,10.4,330.0
2026-08-12,TAIEX,index,45518.07,0
